name,lkqd_id,order_id,campaign_id
22Grados_ES_All,40785,NULL,4719
22Grados_ES_All,40785,NULL,4852
5FYN,39559,NULL,323
5FYN,39559,NULL,324
5FYN,39559,NULL,325
5FYN,39559,NULL,326
7stars_UK_All,40788,NULL,6367
7stars_UK_All,40788,NULL,6862
7stars_UK_All,40788,NULL,7478
7stars_UK_All,40788,NULL,7609
7stars_UK_All,40788,NULL,NULL
7stars_UK_All,40788,NULL,NULL
7stars_UK_All,40788,NULL,NULL
AA_PA,40787,NULL,170
AA_PA,40787,NULL,171
ABInbev_CO_all,40786,NULL,6
ABInbev_CO_all,40786,NULL,8
ABInbev_CO_all,40786,NULL,27
ABInbev_CO_all,40786,NULL,28
ABInbev_CO_all,40786,NULL,29
ABInbev_CO_all,40786,NULL,30
ABInbev_CO_all,40786,NULL,31
ABInbev_CO_all,40786,NULL,32
ABInbev_CO_all,40786,NULL,33
ABInbev_CO_all,40786,NULL,34
ABInbev_CO_all,40786,NULL,35
ABInbev_CO_all,40786,NULL,36
ABInbev_CO_all,40786,NULL,37
ABInbev_CO_all,40786,NULL,38
ABInbev_CO_all,40786,NULL,67
ABInbev_CO_all,40786,NULL,68
ABInbev_CO_all,40786,NULL,70
ABInbev_CO_all,40786,NULL,72
ABInbev_CO_all,40786,NULL,73
ABInbev_CO_all,40786,NULL,74
ABInbev_CO_all,40786,NULL,75
ABInbev_CO_all,40786,NULL,77
ABInbev_CO_all,40786,NULL,78
ABInbev_CO_all,40786,NULL,79
ABInbev_CO_all,40786,NULL,80
ABInbev_CO_all,40786,NULL,81
ABInbev_CO_all,40786,NULL,82
ABInbev_CO_all,40786,NULL,83
ABInbev_CO_all,40786,NULL,84
ABInbev_CO_all,40786,NULL,85
ABInbev_CO_all,40786,NULL,86
ABInbev_CO_all,40786,NULL,87
ABInbev_CO_all,40786,NULL,88
ABInbev_CO_all,40786,NULL,89
ABInbev_CO_all,40786,NULL,90
ABInbev_CO_all,40786,NULL,91
ABInbev_CO_all,40786,NULL,92
ABInbev_CO_all,40786,NULL,93
ABInbev_CO_all,40786,NULL,94
ABInbev_CO_all,40786,NULL,95
ABInbev_CO_all,40786,NULL,96
ABInbev_CO_all,40786,NULL,97
ABInbev_CO_all,40786,NULL,98
ABInbev_CO_all,40786,NULL,99
ABInbev_CO_all,40786,NULL,100
ABInbev_CO_all,40786,NULL,101
ABInbev_CO_all,40786,NULL,102
ABInbev_CO_all,40786,NULL,103
ABInbev_CO_all,40786,NULL,104
ABInbev_CO_all,40786,NULL,105
ABInbev_CO_all,40786,NULL,106
ABInbev_CO_all,40786,NULL,285
ABInbev_CO_all,40786,NULL,286
ABInbev_CO_all,40786,NULL,508
ABInbev_CO_all,40786,NULL,522
ABInbev_CO_all,40786,NULL,523
ABInbev_CO_all,40786,NULL,586
ABInbev_CO_all,40786,NULL,781
ABInbev_CO_all,40786,NULL,887
ABInbev_CO_all,40786,NULL,1496
ABInbev_CO_all,40786,NULL,1499
ABInbev_CO_all,40786,NULL,1500
ABInbev_CO_all,40786,NULL,1501
ABInbev_CO_all,40786,NULL,1502
ABInbev_CO_all,40786,NULL,1503
ABInbev_CO_all,40786,NULL,1504
ABInbev_CO_all,40786,NULL,1505
ABInbev_CO_all,40786,NULL,1506
ABInbev_CO_all,40786,NULL,1507
ABInbev_CO_all,40786,NULL,1764
ABInbev_CO_all,40786,NULL,1892
ABInbev_CO_all,40786,NULL,1893
ABInbev_CO_all,40786,NULL,1894
ABInbev_CO_all,40786,NULL,1895
ABInbev_CO_all,40786,NULL,1896
ABInbev_CO_all,40786,NULL,1897
ABInbev_CO_all,40786,NULL,1898
ABInbev_CO_all,40786,NULL,1899
ABInbev_CO_all,40786,NULL,1900
ABInbev_CO_all,40786,NULL,1901
ABInbev_CO_all,40786,NULL,1902
ABInbev_CO_all,40786,NULL,1903
ABInbev_CO_all,40786,NULL,1904
ABInbev_CO_all,40786,NULL,1905
ABInbev_CO_all,40786,NULL,1907
ABInbev_CO_all,40786,NULL,1908
ABInbev_CO_all,40786,NULL,1909
ABInbev_CO_all,40786,NULL,1910
ABInbev_CO_all,40786,NULL,1911
ABInbev_CO_all,40786,NULL,1912
ABInbev_CO_all,40786,NULL,1913
ABInbev_CO_all,40786,NULL,1914
ABInbev_CO_all,40786,NULL,1915
ABInbev_CO_all,40786,NULL,1916
ABInbev_CO_all,40786,NULL,1917
ABInbev_CO_all,40786,NULL,1918
ABInbev_CO_all,40786,NULL,1919
ABInbev_CO_all,40786,NULL,1920
ABInbev_CO_all,40786,NULL,1921
ABInbev_CO_all,40786,NULL,1922
ABInbev_CO_all,40786,NULL,1923
ABInbev_CO_all,40786,NULL,1924
ABInbev_CO_all,40786,NULL,1925
ABInbev_CO_all,40786,NULL,1926
ABInbev_CO_all,40786,NULL,1927
ABInbev_CO_all,40786,NULL,1928
ABInbev_CO_all,40786,NULL,1929
ABInbev_CO_all,40786,NULL,1930
ABInbev_CO_all,40786,NULL,1931
ABInbev_CO_all,40786,NULL,1932
ABInbev_CO_all,40786,NULL,1933
ABInbev_CO_all,40786,NULL,1934
ABInbev_CO_all,40786,NULL,1935
ABInbev_CO_all,40786,NULL,1938
ABInbev_CO_all,40786,NULL,1939
ABInbev_CO_all,40786,NULL,1940
ABInbev_CO_all,40786,NULL,1941
ABInbev_CO_all,40786,NULL,1942
ABInbev_CO_all,40786,NULL,1943
ABInbev_CO_all,40786,NULL,1944
ABInbev_CO_all,40786,NULL,1945
ABInbev_CO_all,40786,NULL,1946
ABInbev_CO_all,40786,NULL,1947
ABInbev_CO_all,40786,NULL,1948
ABInbev_CO_all,40786,NULL,1949
ABInbev_CO_all,40786,NULL,1950
ABInbev_CO_all,40786,NULL,1951
ABInbev_CO_all,40786,NULL,2255
ABInbev_CO_all,40786,NULL,2256
ABInbev_CO_all,40786,NULL,2293
ABInbev_CO_all,40786,NULL,2294
ABInbev_CO_all,40786,NULL,2792
ABInbev_CO_all,40786,NULL,2793
ABInbev_CO_all,40786,NULL,2794
ABInbev_CO_all,40786,NULL,3569
ABInbev_CO_all,40786,NULL,3878
ABInbev_CO_all,40786,NULL,3920
ABInbev_CO_all,40786,NULL,3927
ABInbev_CO_all,40786,NULL,3928
ABInbev_CO_all,40786,NULL,3929
ABInbev_CO_all,40786,NULL,3941
ABInbev_CO_all,40786,NULL,3945
ABInbev_CO_all,40786,NULL,3947
ABInbev_CO_all,40786,NULL,4212
ABInbev_CO_all,40786,NULL,4214
ABInbev_CO_all,40786,NULL,4215
ABInbev_CO_all,40786,NULL,4216
ABInbev_CO_all,40786,NULL,4217
ABInbev_CO_all,40786,NULL,4218
ABInbev_CO_all,40786,NULL,4219
ABInbev_CO_all,40786,NULL,4220
ABInbev_CO_all,40786,NULL,4221
ABInbev_CO_all,40786,NULL,4222
ABInbev_CO_all,40786,NULL,4223
ABInbev_CO_all,40786,NULL,4224
ABInbev_CO_all,40786,NULL,4225
ABInbev_CO_all,40786,NULL,4226
ABInbev_CO_all,40786,NULL,4227
ABInbev_CO_all,40786,NULL,4228
ABInbev_CO_all,40786,NULL,4229
ABInbev_CO_all,40786,NULL,4230
ABInbev_CO_all,40786,NULL,4231
ABInbev_CO_all,40786,NULL,4232
ABInbev_CO_all,40786,NULL,4233
ABInbev_CO_all,40786,NULL,4234
ABInbev_CO_all,40786,NULL,4235
ABInbev_CO_all,40786,NULL,4236
ABInbev_CO_all,40786,NULL,4237
ABInbev_CO_all,40786,NULL,4238
ABInbev_CO_all,40786,NULL,4239
ABInbev_CO_all,40786,NULL,4240
ABInbev_CO_all,40786,NULL,4241
ABInbev_CO_all,40786,NULL,4242
ABInbev_CO_all,40786,NULL,4243
ABInbev_CO_all,40786,NULL,4244
ABInbev_CO_all,40786,NULL,4245
ABInbev_CO_all,40786,NULL,4246
ABInbev_CO_all,40786,NULL,4247
ABInbev_CO_all,40786,NULL,4248
ABInbev_CO_all,40786,NULL,4249
ABInbev_CO_all,40786,NULL,4250
ABInbev_CO_all,40786,NULL,4251
ABInbev_CO_all,40786,NULL,4252
ABInbev_CO_all,40786,NULL,4253
ABInbev_CO_all,40786,NULL,4254
ABInbev_CO_all,40786,NULL,4255
ABInbev_CO_all,40786,NULL,4256
ABInbev_CO_all,40786,NULL,4257
ABInbev_CO_all,40786,NULL,4258
ABInbev_CO_all,40786,NULL,4259
ABInbev_CO_all,40786,NULL,4260
ABInbev_CO_all,40786,NULL,4261
ABInbev_CO_all,40786,NULL,4262
ABInbev_CO_all,40786,NULL,4263
ABInbev_CO_all,40786,NULL,6175
ABInbev_CO_all,40786,NULL,6320
ABInbev_CO_all,40786,NULL,6321
ABInbev_CO_all,40786,NULL,6322
ABInbev_CO_all,40786,NULL,6323
ABInbev_CO_all,40786,NULL,6324
ABInbev_CO_all,40786,NULL,6325
ABInbev_CO_all,40786,NULL,6326
ABInbev_CO_all,40786,NULL,6327
ABInbev_CO_all,40786,NULL,6328
ABInbev_CO_all,40786,NULL,6329
ABInbev_CO_all,40786,NULL,6330
ABInbev_CO_all,40786,NULL,6331
ABInbev_CO_all,40786,NULL,6368
ABInbev_CO_all,40786,NULL,6369
ABInbev_CO_all,40786,NULL,6370
ABInbev_CO_all,40786,NULL,6371
ABInbev_CO_all,40786,NULL,6372
ABInbev_CO_all,40786,NULL,6373
ABInbev_CO_all,40786,NULL,6374
ABInbev_CO_all,40786,NULL,6375
ABInbev_CO_all,40786,NULL,6376
ABInbev_CO_all,40786,NULL,6377
ABInbev_CO_all,40786,NULL,6378
ABInbev_CO_all,40786,NULL,6379
ABInbev_CO_all,40786,NULL,7317
ABInbev_CO_all,40786,NULL,7338
ABInbev_CO_all,40786,NULL,7441
ABInbev_CO_all,40786,NULL,7474
ABInbev_CO_all,40786,NULL,7666
ABInbev_CO_all,40786,NULL,7667
ABInbev_CO_all,40786,NULL,7669
ABInbev_CO_all,40786,NULL,7670
ABInbev_CO_all,40786,NULL,7671
ABInbev_CO_all,40786,NULL,7672
ABInbev_CO_all,40786,NULL,7673
Adbibo_ES_All,40791,NULL,4694
Adbibo_ES_All,40791,NULL,4695
Adbibo_ES_All,40791,NULL,4696
Adbibo_ES_All,40791,NULL,4697
Adbibo_ES_All,40791,NULL,4698
Adbibo_ES_All,40791,NULL,4699
Adot_FR_All,40792,NULL,1813
Adsmurai_ES_All,40793,NULL,7071
Adsmurai_ES_All,40793,NULL,7072
Adsmurai_ES_All,40793,NULL,7351
Adsmurai_ES_All,40793,NULL,7352
Adsmurai_ES_All,40793,NULL,7927
Adsmurai_ES_All,40793,NULL,7928
Adsmurai_ES_All,40793,NULL,7929
Adsmurai_ES_All,40793,NULL,7930
Adsmurai_ES_All,40793,NULL,7931
Adsmurai_ES_All,40793,NULL,7932
Adsmurai_ES_All,40793,NULL,7933
Adsmurai_ES_All,40793,NULL,8247
Adsmurai_ES_All,40793,NULL,8248
Adsmurai_ES_All,40793,NULL,8250
Adsmurai_ES_All,40793,NULL,8252
Adsmurai_ES_All,40793,NULL,8373
Adsmurai_ES_All,40793,NULL,8374
Adsmurai_ES_All,40793,NULL,8375
Adsmurai_ES_All,40793,NULL,8376
Adsmurai_ES_All,40793,NULL,8377
Adsmurai_ES_All,40793,NULL,8378
Adsplay_BR_all,40794,NULL,268
Adsplay_BR_all,40794,NULL,446
Adsplay_BR_all,40794,NULL,489
Adsplay_BR_all,40794,NULL,490
Adsplay_BR_all,40794,NULL,733
Adsplay_BR_all,40794,NULL,734
Adsplay_BR_all,40794,NULL,735
Adsplay_BR_all,40794,NULL,736
Adsplay_BR_all,40794,NULL,737
Adsplay_BR_all,40794,NULL,796
Adsplay_BR_all,40794,NULL,825
Adsplay_BR_all,40794,NULL,1082
Adsplay_BR_all,40794,NULL,1133
Adsplay_BR_all,40794,NULL,1140
Adsplay_BR_all,40794,NULL,1366
Adsplay_BR_all,40794,NULL,1408
Adventure_TR_All,40795,NULL,7287
Affiperf_CL_all,40796,NULL,76
Affiperf_CL_all,40796,NULL,NULL
Affiperf_CL_all,40796,NULL,230
Affiperf_CL_all,40796,NULL,264
Affiperf_CL_all,40796,NULL,265
Affiperf_CL_all,40796,NULL,269
Affiperf_CR_all,40796,NULL,543
Affiperf_PE_all,40796,NULL,272
Affiperf_PE_all,40796,NULL,273
AGENCIADEPRUEBA,40797,NULL,NULL
Aikiu_US_All,40798,NULL,2929
Aikiu_US_All,40798,NULL,2980
Alcance Media,40418,NULL,NULL
Alkemy_ES_All,40799,NULL,2810
Alkemy_ES_All,40799,NULL,2839
Alkemy_ES_All,40799,NULL,2840
Alkemy_ES_All,40799,NULL,2841
Alkemy_ES_All,40799,NULL,3102
Alkemy_ES_All,40799,NULL,3146
Alkemy_ES_All,40799,NULL,3379
Alkemy_ES_Programmatic,40800,NULL,5976
Alkemy_ES_Programmatic,40800,NULL,6017
AlmapBBDO_BR_all,39929,NULL,5361
AlmapBBDO_BR_all,39929,NULL,6778
AlmapBBDO_BR_all,39929,NULL,6802
AlmapBBDO_BR_all,39929,NULL,6910
AlmapBBDO_BR_all,39929,NULL,7429
AlmapBBDO_BR_all,39929,NULL,7825
AlmapBBDO_BR_all,39929,NULL,4693
AlmapBBDO_BR_All,39929,NULL,4755
AlmapBBDO_BR_all,39929,NULL,7952
AM_CO,40818,NULL,NULL
AM_Thrive_CO,40819,NULL,53
AM_Thrive_CO,40819,NULL,108
AM_Thrive_CO,40819,NULL,116
AM_Thrive_CO,40819,NULL,123
AM_Thrive_CO,40819,NULL,125
AM_Thrive_CO,40819,NULL,132
AM_Thrive_CO,40819,NULL,147
AM_Thrive_CO,40819,NULL,173
AM_Thrive_CO,40819,NULL,240
AM_Thrive_CO,40819,NULL,316
AM_Thrive_CO,40819,NULL,505
Amnet_AR_all,40820,NULL,255
Amnet_AR_all,40820,NULL,441
Amnet_AR_all,40820,NULL,270
Amnet_AR_all,40820,NULL,347
Amnet_AR_all,40820,NULL,348
Amnet_AR_all,40820,NULL,394
Amnet_AR_all,40820,NULL,395
Amnet_AR_all,40820,NULL,396
Amnet_AR_all,40820,NULL,397
Amnet_AR_all,40820,NULL,404
Amnet_AR_all,40820,NULL,450
Amnet_AR_all,40820,NULL,538
Amnet_AR_all,40820,NULL,539
Amnet_AR_all,40820,NULL,540
Amnet_AR_all,40820,NULL,541
Amnet_AR_all,40820,NULL,545
Amnet_AR_all,40820,NULL,570
Amnet_AR_all,40820,NULL,782
Amnet_AR_all,40820,NULL,1224
Amnet_AR_all,40820,NULL,1225
Amnet_AR_all,40820,NULL,1333
Amnet_AR_all,40820,NULL,1642
Amnet_AR_all,40820,NULL,1704
Amnet_AR_all,40820,NULL,1705
Amnet_AR_all,40820,NULL,1706
Amnet_AR_all,40820,NULL,1707
Amnet_AR_all,40820,NULL,1708
Amnet_AR_all,40820,NULL,1709
Amnet_AR_all,40820,NULL,1710
Amnet_AR_all,40820,NULL,1711
Amnet_AR_all,40820,NULL,1712
Amnet_AR_all,40820,NULL,1718
Amnet_AR_all,40820,NULL,1719
Amnet_AR_all,40820,NULL,1720
Amnet_AR_all,40820,NULL,1721
Amnet_AR_all,40820,NULL,1722
Amnet_AR_all,40820,NULL,1723
Amnet_AR_all,40820,NULL,1724
Amnet_AR_all,40820,NULL,2309
Amnet_AR_all,40820,NULL,2310
Amnet_AR_all,40820,NULL,2348
Amnet_AR_all,40820,NULL,2353
Amnet_AR_all,40820,NULL,3900
Amnet_AR_all,40820,NULL,6032
Amnet_CO_all,40821,NULL,39
Amnet_CO_all,40821,NULL,42
Amnet_CO_all,40821,NULL,65
Amnet_CO_all,40821,NULL,258
Amnet_CO_all,40821,NULL,544
Amnet_CO_all,40821,NULL,994
Amnet_CO_all,40821,NULL,1043
Amnet_CO_all,40821,NULL,1052
Amnet_CO_all,40821,NULL,1072
Amnet_CO_all,40821,NULL,55
Amnet_CO_all,40821,NULL,56
Amnet_CO_all,40821,NULL,69
Amnet_CO_all,40821,NULL,118
Amnet_CO_all,40821,NULL,124
Amnet_CO_all,40821,NULL,126
Amnet_CO_all,40821,NULL,127
Amnet_CO_all,40821,NULL,129
Amnet_CO_all,40821,NULL,226
Amnet_CO_all,40821,NULL,239
Amnet_CO_all,40821,NULL,266
Amnet_CO_all,40821,NULL,267
Amnet_CO_all,40821,NULL,271
Amnet_CO_all,40821,NULL,276
Amnet_CO_all,40821,NULL,332
Amnet_CO_all,40821,NULL,374
Amnet_CO_all,40821,NULL,377
Amnet_CO_all,40821,NULL,407
Amnet_CO_all,40821,NULL,444
Amnet_CO_all,40821,NULL,535
Amnet_CO_all,40821,NULL,546
Amnet_CO_all,40821,NULL,557
Amnet_CO_all,40821,NULL,568
Amnet_CO_all,40821,NULL,569
Amnet_CO_all,40821,NULL,815
Amnet_CO_all,40821,NULL,851
Amnet_CO_all,40821,NULL,972
Amnet_CO_all,40821,NULL,998
Amnet_CO_all,40821,NULL,1081
Amnet_CO_all,40821,NULL,1276
Amnet_CO_all,40821,NULL,1299
Amnet_CO_all,40821,NULL,1398
Amnet_CO_all,40821,NULL,1399
Amnet_CO_all,40821,NULL,1400
Amnet_CO_all,40821,NULL,1639
Amnet_CO_all,40821,NULL,1683
Amnet_CO_all,40821,NULL,1807
Amnet_CO_all,40821,NULL,2362
Amnet_CO_all,40821,NULL,2633
Amnet_CO_DIAGEO,40822,NULL,937
Amnet_CO_DIAGEO,40822,NULL,1089
Amnet_CO_DIAGEO,40822,NULL,1117
Amnet_CO_DIAGEO,40822,NULL,1687
Amnet_MX_All,40823,NULL,8249
Amnet_MX_All,40823,NULL,3605
Amnet_MX_All,40823,NULL,3606
Amnet_MX_All,40823,NULL,3607
Amnet_MX_All,40823,NULL,4315
Amnet_MX_All,40823,NULL,4832
Amnet_MX_All,40823,NULL,4833
Amnet_MX_All,40823,NULL,5007
Amnet_MX_All,40823,NULL,5388
Amnet_Mx_All,40823,NULL,NULL
Amnet_MX_All,40823,NULL,6690
Amnet_MX_All,40823,NULL,7279
Amnet_TR_All,40824,NULL,3189
Amnet_TR_All,40824,NULL,3534
Amnet_TR_All,40824,NULL,3551
Amnet_TR_All,40824,NULL,4444
Amnet_TR_All,40824,NULL,6024
Amnet_TR_All,40824,NULL,6078
Amnet_TR_All,40824,NULL,4826
Amnet_TR_All,40824,NULL,5287
Amnet_TR_All,40824,NULL,6135
Amnet_TR_All,40824,NULL,2615
Amnet_TR_All,40824,NULL,4775
Amnet_UK_All,40825,NULL,6595
Amnet_UK_All,40825,NULL,6681
Amnet_UK_All,40825,NULL,7080
Amnet_UK_All,40825,NULL,7244
Amnet_UK_All,40825,NULL,7756
Amnet_UK_All,40825,NULL,8151
Amnet_UK_All,40825,NULL,8185
Amnet_UK_All,40825,NULL,8222
Amnet_UK_All,40825,NULL,8370
Amnet_UK_All,40825,NULL,NULL
Amnet_US_All,40825,NULL,1331
ANCOP MX,40826,NULL,587
ANCOP MX,40826,NULL,588
ANCOP MX,40826,NULL,607
ANCOP MX,40826,NULL,608
ANCOP MX,40826,NULL,609
ANCOP MX,40826,NULL,611
ANCOP MX,40826,NULL,612
ANCOP MX,40826,NULL,613
ANCOP MX,40826,NULL,614
ANCOP MX,40826,NULL,618
ANCOP MX,40826,NULL,619
ANCOP MX,40826,NULL,642
ANCOP MX,40826,NULL,643
ANCOP MX,40826,NULL,644
ANCOP MX,40826,NULL,645
ANCOP MX,40826,NULL,646
ANCOP MX,40826,NULL,652
ANCOP MX,40826,NULL,653
ANCOP MX,40826,NULL,654
ANCOP MX,40826,NULL,655
ANCOP MX,40826,NULL,659
ANCOP MX,40826,NULL,660
ANCOP MX,40826,NULL,661
ANCOP MX,40826,NULL,685
ANCOP MX,40826,NULL,686
ANCOP MX,40826,NULL,692
ANCOP MX,40826,NULL,693
ANCOP MX,40826,NULL,694
ANCOP MX,40826,NULL,701
ANCOP MX,40826,NULL,702
ANCOP MX,40826,NULL,703
ANCOP MX,40826,NULL,704
ANCOP MX,40826,NULL,721
ANCOP MX,40826,NULL,722
ANCOP MX,40826,NULL,723
ANCOP MX,40826,NULL,729
ANCOP MX,40826,NULL,730
ANCOP MX,40826,NULL,762
ANCOP MX,40826,NULL,763
ANCOP MX,40826,NULL,764
ANCOP MX,40826,NULL,765
ANCOP MX,40826,NULL,776
ANCOP MX,40826,NULL,777
ANCOP MX,40826,NULL,778
ANCOP MX,40826,NULL,779
ANCOP MX,40826,NULL,780
ANCOP MX,40826,NULL,783
ANCOP MX,40826,NULL,784
ANCOP MX,40826,NULL,785
ANCOP MX,40826,NULL,788
ANCOP MX,40826,NULL,789
ANCOP MX,40826,NULL,790
ANCOP MX,40826,NULL,791
ANCOP MX,40826,NULL,792
ANCOP MX,40826,NULL,798
ANCOP MX,40826,NULL,805
ANCOP MX,40826,NULL,806
ANCOP MX,40826,NULL,809
ANCOP MX,40826,NULL,810
ANCOP MX,40826,NULL,811
ANCOP MX,40826,NULL,818
ANCOP MX,40826,NULL,819
ANCOP MX,40826,NULL,820
ANCOP MX,40826,NULL,821
ANCOP MX,40826,NULL,833
ANCOP MX,40826,NULL,834
ANCOP MX,40826,NULL,835
ANCOP MX,40826,NULL,852
ANCOP MX,40826,NULL,861
ANCOP MX,40826,NULL,862
ANCOP MX,40826,NULL,863
ANCOP MX,40826,NULL,864
ANCOP MX,40826,NULL,874
ANCOP MX,40826,NULL,875
ANCOP MX,40826,NULL,876
ANCOP MX,40826,NULL,877
ANCOP MX,40826,NULL,880
ANCOP MX,40826,NULL,881
ANCOP MX,40826,NULL,882
ANCOP MX,40826,NULL,883
ANCOP MX,40826,NULL,884
ANCOP MX,40826,NULL,895
ANCOP MX,40826,NULL,896
ANCOP MX,40826,NULL,897
ANCOP MX,40826,NULL,898
ANCOP MX,40826,NULL,899
ANCOP MX,40826,NULL,902
ANCOP MX,40826,NULL,903
ANCOP MX,40826,NULL,904
ANCOP MX,40826,NULL,913
ANCOP MX,40826,NULL,914
ANCOP MX,40826,NULL,915
ANCOP MX,40826,NULL,917
ANCOP MX,40826,NULL,918
ANCOP MX,40826,NULL,919
ANCOP MX,40826,NULL,938
ANCOP MX,40826,NULL,939
ANCOP MX,40826,NULL,940
ANCOP MX,40826,NULL,941
ANCOP MX,40826,NULL,975
ANCOP MX,40826,NULL,976
ANCOP MX,40826,NULL,977
ANCOP MX,40826,NULL,987
ANCOP MX,40826,NULL,988
ANCOP MX,40826,NULL,989
ANCOP MX,40826,NULL,990
ANCOP MX,40826,NULL,996
ANCOP MX,40826,NULL,1015
ANCOP MX,40826,NULL,1021
ANCOP MX,40826,NULL,1026
ANCOP MX,40826,NULL,1027
ANCOP MX,40826,NULL,1028
ANCOP MX,40826,NULL,1036
ANCOP MX,40826,NULL,1039
ANCOP MX,40826,NULL,1040
ANCOP MX,40826,NULL,1067
ANCOP MX,40826,NULL,1068
ANCOP MX,40826,NULL,1083
ANCOP MX,40826,NULL,1084
ANCOP MX,40826,NULL,1098
ANCOP MX,40826,NULL,1099
ANCOP MX,40826,NULL,1110
ANCOP MX,40826,NULL,1111
ANCOP MX,40826,NULL,1112
ANCOP MX,40826,NULL,1113
ANCOP MX,40826,NULL,1114
ANCOP MX,40826,NULL,1144
ANCOP MX,40826,NULL,1158
ANCOP MX,40826,NULL,1165
ANCOP MX,40826,NULL,1171
ANCOP MX,40826,NULL,1182
ANCOP MX,40826,NULL,1190
ANCOP MX,40826,NULL,1196
ANCOP MX,40826,NULL,1226
ANCOP MX,40826,NULL,1227
ANCOP MX,40826,NULL,1233
ANCOP MX,40826,NULL,1237
ANCOP MX,40826,NULL,1238
ANCOP MX,40826,NULL,1240
ANCOP MX,40826,NULL,1245
ANCOP MX,40826,NULL,1258
ANCOP MX,40826,NULL,1264
ANCOP MX,40826,NULL,1300
ANCOP MX,40826,NULL,1326
ANCOP MX,40826,NULL,1328
ANCOP MX,40826,NULL,1334
ANCOP MX,40826,NULL,1335
ANCOP MX,40826,NULL,1346
ANCOP MX,40826,NULL,1403
ANCOP MX,40826,NULL,1409
ANCOP MX,40826,NULL,1411
ANCOP MX,40826,NULL,1437
ANCOP MX,40826,NULL,1449
ANCOP MX,40826,NULL,1450
ANCOP MX,40826,NULL,1469
ANCOP MX,40826,NULL,1513
ANCOP MX,40826,NULL,1520
ANCOP MX,40826,NULL,1530
ANCOP MX,40826,NULL,1535
Apex_CO_all,40827,NULL,117
Apex_CO_all,40827,NULL,203
Apex_CO_all,40827,NULL,361
Apex_CO_all,40827,NULL,604
ArcoComunicativo_ES_All,40828,NULL,NULL
Arena_ES_All,40395,NULL,4883
Arena_ES_All,40395,NULL,4885
Arena_ES_All,40395,NULL,4458
Arena_ES_All,40395,NULL,7128
Arena_ES_All,40395,NULL,7245
Arena_MX_all,40829,NULL,220
Arena_MX_all,40829,NULL,221
Arena_MX_all,40829,NULL,222
Arena_MX_all,40829,NULL,321
Arena_MX_all,40829,NULL,328
Ariadna_EC_GM,39597,NULL,NULL
Artefact_ES_All,40830,NULL,5343
Artefact_ES_All,40830,NULL,2819
Artefact_ES_All,40830,NULL,2820
Artefact_ES_All,40830,NULL,3086
AsPublicidad,40831,NULL,6608
AsPublicidad,40831,NULL,6609
AsPublicidad,40831,NULL,6610
AsPublicidad,40831,NULL,7350
Aspublicidad_ES_All,40831,NULL,3775
Aspublicidad_ES_All,40831,NULL,3776
AsPublicidad_ES_All,40831,NULL,1976
AsPublicidad_ES_All,40831,NULL,2972
AsPublicidad_ES_All,40831,NULL,3085
AsPublicidad_ES_All,40831,NULL,3763
BancoInter_BR_All,40316,NULL,4461
Beat_CO_All,40184,NULL,NULL
BETC_BR_All,40036,NULL,4861
BETC_BR_All,40036,NULL,4862
BETC_BR_All,40036,NULL,4863
BETC_BR_All,40036,NULL,4864
BETC_BR_All,40036,NULL,4865
BETC_BR_All,40036,NULL,4866
BETC_BR_All,40036,NULL,4871
BETC_BR_All,40036,NULL,4872
BETC_BR_All,40036,NULL,4873
BETC_BR_All,40036,NULL,4874
Beyond_AR_Telecom,40847,NULL,2534
Beyond_AR_Telecom,40847,NULL,4509
Beyond_US_All,40848,NULL,5878
Beyond_US_All,40848,NULL,5879
Beyond_US_All,40848,NULL,5880
Beyond_US_All,40848,NULL,5881
BiMind_ES_All,40854,NULL,2085
BiMind_ES_All,40854,NULL,2684
BiMind_ES_All,40854,NULL,2709
BlinksSense_BR_All,40855,NULL,7127
BMind_ES_All,40848,NULL,2510
BMind_ES_All,40848,NULL,2511
BMind_ES_All,40848,NULL,3150
BMind_ES_All,40848,NULL,3573
BMind_ES_All,40848,NULL,3582
BMind_ES_All,40848,NULL,3583
BMind_ES_All,40848,NULL,3584
BMind_ES_All,40848,NULL,3585
BMind_ES_All,40848,NULL,3690
BMind_ES_All,40848,NULL,3691
BMind_ES_All,40848,NULL,3692
BMind_ES_All,40848,NULL,3693
BOM_ES_All,40853,NULL,NULL
BOM_ES_All,40853,NULL,6865
BOM_ES_All,40853,NULL,6866
BOM_ES_All,40853,NULL,6867
BOM_ES_All,40853,NULL,6868
BOM_ES_All,40853,NULL,6869
Bradesco_BR_All,40852,NULL,1547
Cabify_ES_All,40851,NULL,2657
Cabify_ES_All,40851,NULL,2659
Cabify_ES_All,40851,NULL,2660
Cabify_ES_All,40851,NULL,2661
Cabify_ES_All,40851,NULL,2662
Cabify_ES_All,40851,NULL,2663
Cabify_ES_All,40851,NULL,3574
Cabify_ES_All,40851,NULL,4300
Cabify_ES_All,40851,NULL,4301
Cabify_ES_All,40851,NULL,4302
Cabify_ES_All,40851,NULL,4303
Cabify_ES_All,40851,NULL,4304
Cabify_ES_All,40851,NULL,4307
Cabify_ES_All,40851,NULL,7492
Cabify_ES_All,40851,NULL,7536
Cabify_ES_All,40851,NULL,7537
Cadreon_AR_all,40850,NULL,562
Cadreon_AR_all,40850,NULL,671
Cadreon_CL_all,40849,NULL,NULL
Cadreon_CL_all,40849,NULL,242
Cadreon_CL_all,40849,NULL,979
Cadreon_CO_all,40846,NULL,5
Cadreon_CO_all,40846,NULL,48
Cadreon_CO_all,40846,NULL,54
Cadreon_CO_all,40846,NULL,134
Cadreon_CO_all,40846,NULL,135
Cadreon_CO_all,40846,NULL,212
Cadreon_CO_all,40846,NULL,214
Cadreon_CO_all,40846,NULL,215
Cadreon_CO_all,40846,NULL,216
Cadreon_CO_all,40846,NULL,217
Cadreon_CO_all,40846,NULL,218
Cadreon_CO_all,40846,NULL,219
Cadreon_CO_all,40846,NULL,310
Cadreon_CO_all,40846,NULL,311
Cadreon_CO_all,40846,NULL,312
Cadreon_CO_all,40846,NULL,313
Cadreon_CO_all,40846,NULL,317
Cadreon_CO_all,40846,NULL,331
Cadreon_CO_all,40846,NULL,334
Cadreon_CO_all,40846,NULL,341
Cadreon_CO_all,40846,NULL,343
Cadreon_CO_all,40846,NULL,356
Cadreon_CO_all,40846,NULL,360
Cadreon_CO_all,40846,NULL,387
Cadreon_CO_all,40846,NULL,388
Cadreon_CO_all,40846,NULL,389
Cadreon_CO_all,40846,NULL,390
Cadreon_CO_all,40846,NULL,391
Cadreon_CO_all,40846,NULL,409
Cadreon_CO_all,40846,NULL,410
Cadreon_CO_all,40846,NULL,411
Cadreon_CO_all,40846,NULL,412
Cadreon_CO_all,40846,NULL,413
Cadreon_CO_all,40846,NULL,422
Cadreon_CO_all,40846,NULL,423
Cadreon_CO_all,40846,NULL,432
Cadreon_CO_all,40846,NULL,439
Cadreon_CO_all,40846,NULL,443
Cadreon_CO_all,40846,NULL,447
Cadreon_CO_all,40846,NULL,488
Cadreon_CO_all,40846,NULL,536
Cadreon_CO_all,40846,NULL,572
Cadreon_CO_all,40846,NULL,603
Cadreon_CO_all,40846,NULL,629
Cadreon_CO_all,40846,NULL,670
Cadreon_CO_all,40846,NULL,688
Cadreon_CO_all,40846,NULL,699
Cadreon_CO_all,40846,NULL,700
Cadreon_CO_all,40846,NULL,706
Cadreon_CO_all,40846,NULL,707
Cadreon_CO_all,40846,NULL,773
Cadreon_CO_all,40846,NULL,774
Cadreon_CO_all,40846,NULL,775
Cadreon_CO_all,40846,NULL,786
Cadreon_CO_all,40846,NULL,794
Cadreon_CO_all,40846,NULL,797
Cadreon_CO_all,40846,NULL,799
Cadreon_CO_all,40846,NULL,800
Cadreon_CO_all,40846,NULL,801
Cadreon_CO_all,40846,NULL,802
Cadreon_CO_all,40846,NULL,803
Cadreon_CO_all,40846,NULL,808
Cadreon_CO_all,40846,NULL,814
Cadreon_CO_all,40846,NULL,816
Cadreon_CO_all,40846,NULL,873
Cadreon_CO_all,40846,NULL,890
Cadreon_CO_all,40846,NULL,980
Cadreon_CO_all,40846,NULL,995
Cadreon_CO_all,40846,NULL,1018
Cadreon_CO_all,40846,NULL,1022
Cadreon_CO_all,40846,NULL,1025
Cadreon_CO_all,40846,NULL,1044
Cadreon_CO_all,40846,NULL,1045
Cadreon_CO_all,40846,NULL,1047
Cadreon_CO_all,40846,NULL,1048
Cadreon_CO_all,40846,NULL,1049
Cadreon_CO_all,40846,NULL,1063
Cadreon_CO_all,40846,NULL,1076
Cadreon_CO_all,40846,NULL,1085
Cadreon_CO_all,40846,NULL,1109
Cadreon_CO_all,40846,NULL,1153
Cadreon_CO_all,40846,NULL,1154
Cadreon_CO_all,40846,NULL,1168
Cadreon_CO_all,40846,NULL,1170
Cadreon_CO_all,40846,NULL,1180
Cadreon_CO_all,40846,NULL,1194
Cadreon_CO_all,40846,NULL,1195
Cadreon_CO_all,40846,NULL,1223
Cadreon_CO_all,40846,NULL,1236
Cadreon_CO_all,40846,NULL,1239
Cadreon_CO_all,40846,NULL,1243
Cadreon_CO_all,40846,NULL,1250
Cadreon_CO_all,40846,NULL,1251
Cadreon_CO_all,40846,NULL,1324
Cadreon_CO_all,40846,NULL,1345
Cadreon_CO_all,40846,NULL,1347
Cadreon_CO_all,40846,NULL,1367
Cadreon_CO_all,40846,NULL,1386
Cadreon_CO_all,40846,NULL,1387
Cadreon_CO_all,40846,NULL,1413
Cadreon_CO_all,40846,NULL,1456
Cadreon_CO_all,40846,NULL,1460
Cadreon_CO_all,40846,NULL,1462
Cadreon_CO_all,40846,NULL,1470
Cadreon_CO_all,40846,NULL,1492
Cadreon_CO_all,40846,NULL,1493
Cadreon_CO_all,40846,NULL,1522
Cadreon_CO_all,40846,NULL,1524
Cadreon_CO_all,40846,NULL,1545
Cadreon_CO_all,40846,NULL,1546
Cadreon_CO_all,40846,NULL,1581
Cadreon_CO_all,40846,NULL,1583
Cadreon_CO_all,40846,NULL,1599
Cadreon_CO_all,40846,NULL,1611
Cadreon_CO_all,40846,NULL,1622
Cadreon_CO_all,40846,NULL,1661
Cadreon_CO_all,40846,NULL,1670
Cadreon_CO_all,40846,NULL,1679
Cadreon_CO_all,40846,NULL,1734
Cadreon_CO_all,40846,NULL,1771
Cadreon_CO_all,40846,NULL,1801
Cadreon_CO_all,40846,NULL,1805
Cadreon_CO_all,40846,NULL,1883
Cadreon_CO_all,40846,NULL,1885
Cadreon_CO_all,40846,NULL,1955
Cadreon_CO_all,40846,NULL,1964
Cadreon_CO_all,40846,NULL,1981
Cadreon_CO_all,40846,NULL,1983
Cadreon_CO_all,40846,NULL,1993
Cadreon_CO_all,40846,NULL,2010
Cadreon_CO_all,40846,NULL,2017
Cadreon_CO_all,40846,NULL,2035
Cadreon_CO_all,40846,NULL,2046
Cadreon_CO_all,40846,NULL,2053
Cadreon_CO_all,40846,NULL,2076
Cadreon_CO_all,40846,NULL,2092
Cadreon_CO_all,40846,NULL,2122
Cadreon_CO_all,40846,NULL,2142
Cadreon_CO_all,40846,NULL,2172
Cadreon_CO_all,40846,NULL,2195
Cadreon_CO_all,40846,NULL,2196
Cadreon_CO_all,40846,NULL,2422
Cadreon_CO_all,40846,NULL,2483
Cadreon_CO_all,40846,NULL,2533
Cadreon_CO_all,40846,NULL,2565
Cadreon_CO_all,40846,NULL,2643
Cadreon_CO_all,40846,NULL,2687
Cadreon_CO_all,40846,NULL,2695
Cadreon_CO_all,40846,NULL,2768
Cadreon_CO_all,40846,NULL,2769
Cadreon_CO_all,40846,NULL,2770
Cadreon_CO_all,40846,NULL,2836
Cadreon_CO_all,40846,NULL,2983
Cadreon_CO_all,40846,NULL,2984
Cadreon_CO_all,40846,NULL,2985
Cadreon_CO_all,40846,NULL,3199
Cadreon_CO_all,40846,NULL,3240
Cadreon_CO_all,40846,NULL,3520
Cadreon_CO_all,40846,NULL,3629
Cadreon_CO_all,40846,NULL,3634
Cadreon_CO_all,40846,NULL,3635
Cadreon_CO_all,40846,NULL,3645
Cadreon_CO_all,40846,NULL,3651
Cadreon_CO_all,40846,NULL,3653
Cadreon_CO_all,40846,NULL,3749
Cadreon_CO_all,40846,NULL,3765
Cadreon_CO_all,40846,NULL,3850
Cadreon_CO_all,40846,NULL,3857
Cadreon_CO_all,40846,NULL,3859
Cadreon_CO_all,40846,NULL,3868
Cadreon_CO_all,40846,NULL,3930
Cadreon_CO_all,40846,NULL,4101
Cadreon_CO_all,40846,NULL,5034
Cadreon_CO_all,40846,NULL,5035
Cadreon_CO_all,40846,NULL,5477
Cadreon_CO_all,40846,NULL,5478
Cadreon_CO_all,40846,NULL,5612
Cadreon_CO_all,40846,NULL,5620
Cadreon_CO_all,40846,NULL,5621
Cadreon_CO_all,40846,NULL,5888
Cadreon_CO_all,40846,NULL,5889
Cadreon_CO_all,40846,NULL,5983
Cadreon_CO_all,40846,NULL,5984
Cadreon_CO_all,40846,NULL,5985
Cadreon_CO_all,40846,NULL,5986
Cadreon_CO_all,40846,NULL,5987
Cadreon_CO_all,40846,NULL,6190
Cadreon_CO_all,40846,NULL,687
Cadreon_CO_all,40846,NULL,690
Cadreon_CO_all,40846,NULL,691
Cadreon_CO_all,40846,NULL,728
Cadreon_CO_All,40846,NULL,2143
CaetsuTwo_ES_All,40856,NULL,1990
CaetsuTwo_ES_All,40856,NULL,2815
CaetsuTwo_ES_All,40856,NULL,4899
Carat_CO_All,39228,NULL,1412
Carat_CO_All,39228,NULL,1601
Carat_CO_All,39228,NULL,2905
Carat_CO_All,39228,NULL,2360
Carat_ES_All,40297,NULL,4568
Carat_ES_All,40297,NULL,4703
Carat_ES_All,40297,NULL,6623
CereyanMedya_TR_All,40621,NULL,NULL
Cheil_CO_Samsung,40857,NULL,NULL
Cheil_CO_Samsung,40857,NULL,128
Cheil_CO_Samsung,40857,NULL,1644
Ciceksepeti_TR_All,40858,NULL,4903
Ciceksepeti_TR_All,40858,NULL,5246
Claro_BR_all,40860,NULL,1548
Clear_BR_All,40859,NULL,4336
Clear_BR_All,40859,NULL,6694
Clear_BR_All,40859,NULL,8136
Conversant_Open,39528,NULL,6558
Cubocc_BR_All,40273,NULL,2157
Cubocc_BR_All,40273,NULL,2182
DE_Arena,40872,NULL,59
DE_Arena,40872,NULL,60
DE_Arena,40872,NULL,61
DE_Arena,40872,NULL,62
DE_Arena,40872,NULL,112
Dentsu_BR_all,40873,NULL,1549
Dentsu_CO_All,39790,NULL,3319
Dentsu_CO_All,39790,NULL,3405
Dentsu_CO_All,39790,NULL,3406
Dentsu_CO_All,39790,NULL,NULL
Dentsu_ES_All,40411,NULL,7451
Dentsu_ES_All,40411,NULL,7452
Dentsu_Mx_All,40874,NULL,6170
Dentsu_Mx_All,40874,NULL,6171
Dentsu_Mx_All,40874,NULL,6187
Dentsu_Mx_All,40874,NULL,6188
Dentsu_Mx_All,40874,NULL,6342
Dentsu_Mx_All,40874,NULL,6343
Dentsu_Mx_All,40874,NULL,6344
Dentsu_Mx_All,40874,NULL,6345
Dentsu_Mx_All,40874,NULL,6346
Dentsu_Mx_All,40874,NULL,6348
Dentsu_Mx_All,40874,NULL,7249
Dentsu_Mx_All,40874,NULL,8335
Dentsu_Mx_All,40874,NULL,8336
Dentsu_Mx_All,40874,NULL,8337
Dentsu_TR_All,40875,NULL,4904
Dentsu_TR_All,40875,NULL,5970
Dentsu_TR_All,40875,NULL,5971
Dentsu_TR_All,40875,NULL,5483
Dentsu_TR_All,40875,NULL,7166
Dentsu_TR_All,40875,NULL,7255
Dentsu_TR_All,40875,NULL,7831
Dentsu_TR_All,40875,NULL,8119
Dentsu_TR_All,40875,NULL,8120
Dentsu_TR_All,40875,NULL,8182
Dentsu_TR_All,40875,NULL,8183
Dentsu_UK_All,40644,NULL,4670
Dentsu_UK_All,40644,NULL,4692
Dentsu_UK_All,40644,NULL,NULL
Dentsu_UK_All,40644,NULL,NULL
Dentsu_UK_All,40644,NULL,NULL
Dentsu_UK_All,40644,NULL,NULL
Dentsu_UK_All,40644,NULL,NULL
DentsuMedia_CO_all,39790,NULL,NULL
Deptdigitalmarketingnl_NL_All,40879,NULL,4202
Deptdigitalmarketingnl_NL_All,40879,NULL,4203
Disney_CL_All,40880,NULL,1768
Dojo_BR_All,40881,NULL,3969
Dojo_BR_All,40881,NULL,3970
Dojo_BR_All,40881,NULL,3971
DSKSolutions_CL_All,40882,NULL,4972
DSKSolutions_CL_All,40882,NULL,5167
DSKSolutions_CL_All,40882,NULL,5168
dynadmic,32546,NULL,13
dynadmic,32546,NULL,14
dynadmic,32546,NULL,15
dynadmic,32546,NULL,16
dynadmic,32546,NULL,17
dynadmic,32546,NULL,18
dynadmic,32546,NULL,19
dynadmic,32546,NULL,20
dynadmic,32546,NULL,24
dynadmic,32546,NULL,25
dynadmic,32546,NULL,26
dynadmic,32546,NULL,210
E_Channel_EC_All,40883,NULL,NULL
E-Thinking_ES_All,40190,NULL,NULL
Eikon_BO_All,40884,NULL,2340
Eikon_BO_All,40884,NULL,2574
Eikon_CO_All,40885,NULL,2115
Eikon_CO_All,40885,NULL,2116
Eikon_CO_All,40885,NULL,2117
Eikon_CO_All,40885,NULL,2118
Eikon_CO_All,40885,NULL,2823
Eikon_CO_All,40885,NULL,3191
Eikon_CO_All,40885,NULL,4829
Eikon_EC_All,40885,NULL,4045
Eikon_EC_All,40885,NULL,5001
Eikon_MX_all,40886,NULL,282
eric_test,40774,NULL,NULL
eric_test_borrar,40774,NULL,3951
eric_test2,40774,NULL,NULL
Eskimi_Deal_All,40887,NULL,2101
Eskimi_Deal_All,40887,NULL,2102
FDVOnlineSolutions_AR_All,40888,NULL,7772
FDVOnlineSolutions_AR_All,40888,NULL,7914
Flo_TR_All,40109,NULL,NULL
Flo_Turkey_All,40109,NULL,NULL
For AOL,40513,NULL,NULL
For FW,40513,NULL,NULL
For LKQD Prod,40513,NULL,7
For SpotX,40513,NULL,4
Forward Costa Rica,40889,NULL,NULL
Forward Costa Rica Alejandro A,40889,NULL,287
Forward Costa Rica Alejandro A,40889,NULL,306
Forward_AR_All,39864,NULL,NULL
Forward_CO_all,40890,NULL,57
Forward_CO_all,40890,NULL,225
Forward_CO_all,40890,NULL,227
Galeria_BR,40891,NULL,7676
Galileo_CR_all,40442,NULL,684
Galileo_CR_all,40442,NULL,766
Galileo_CR_all,40442,NULL,999
Gamned_Br_All,40892,NULL,3293
Gamned_Br_All,40892,NULL,3299
GCBA_AR_All,40893,NULL,1446
GCBA_AR_All,40893,NULL,1985
GCBA_AR_All,40893,NULL,3138
GCBA_AR_All,40893,NULL,3139
GCBA_AR_All,40893,NULL,6183
GCBA_AR_All,40893,NULL,6307
GCBA_AR_All,40893,NULL,6308
GCBA_AR_All,40893,NULL,6309
GCBA_AR_All,40893,NULL,6419
GG_CL,40894,NULL,NULL
GlobalMind_AR_All,40895,NULL,1746
GlobalMind_AR_All,40895,NULL,2263
GlobalMind_AR_All,40895,NULL,7168
GloboPlay_BR_All,40896,NULL,2609
GloboPlay_BR_All,40896,NULL,2997
GloboPlay_BR_All,40896,NULL,3081
Gozone_TR_All,40897,NULL,7265
Graphene_IPG_BR_All,40898,NULL,5328
Graphene_IPG_BR_All,40898,NULL,5526
Graphene_IPG_BR_All,40898,NULL,7838
Graphene_IPG_BR_All,40898,NULL,8165
Graphene_IPG_BR_All,40898,NULL,8325
GroupM_AR_All,40279,NULL,NULL
GroupM_ES_all,39010,NULL,NULL
GrupoSilaba_PA_All,40631,NULL,NULL
GSK_CL_ALL,40899,NULL,3140
Habitant_ES_All,40878,NULL,4471
Habitant_ES_All,40878,NULL,4472
Habitant_ES_All,40878,NULL,4473
Havas_AR_All,39917,NULL,1394
Havas_AR_All,39917,NULL,1241
Havas_AR_All,39917,NULL,1242
Havas_AR_All,39917,NULL,NULL
Havas_AR_All,39917,NULL,NULL
Havas_AR_All,39917,NULL,NULL
Havas_AR_All,39917,NULL,1247
Havas_AR_All,39917,NULL,8471
Havas_AR_All,39917,NULL,8472
Havas_AR_All,39917,NULL,8473
Havas_AR_All,39917,NULL,8474
Havas_AR_All,39917,NULL,8475
Havas_AR_All,39917,NULL,2177
Havas_AR_All,39917,NULL,2178
Havas_AR_All,39917,NULL,2179
Havas_CL_all,40877,NULL,NULL
Havas_CL_all,40877,NULL,257
Havas_CL_All,40877,NULL,5457
Havas_CL_All,40877,NULL,6288
Havas_CL_All,40877,NULL,7523
Havas_CL_All,40877,NULL,7524
Havas_CL_Directa,40876,NULL,NULL
Havas_CO_All,40257,NULL,4545
Havas_CO_All,40257,NULL,6940
Havas_CO_All,40257,NULL,7193
Havas_CO_All,40257,NULL,7732
Havas_CO_All,40257,NULL,7733
Havas_CO_All,40257,NULL,8068
Havas_CO_all,40257,NULL,510
Havas_CO_All,40257,NULL,1776
Havas_CO_All,40257,NULL,2343
Havas_CO_All,40257,NULL,2922
Havas_CO_All,40257,NULL,5476
Havas_ES,39892,NULL,4406
Havas_ES_all,39892,NULL,7074
Havas_ES_all,39892,NULL,8069
Havas_ES_all,39892,NULL,8070
Havas_ES_all,39892,NULL,319
Havas_ES_all,39892,NULL,320
Havas_ES_All,39892,NULL,1330
Havas_PE_all,40789,NULL,253
Havas_PE_all,40789,NULL,254
Havas_PE_all,40789,NULL,440
Havas_PE_all,40789,NULL,464
Havas_PE_all,40789,NULL,517
Havas_PE_all,40789,NULL,518
Havas_PE_all,40789,NULL,1404
Havas_PE_all,40789,NULL,1405
Havas_PE_all,40789,NULL,1406
Havas_PE_all,40789,NULL,1817
Havas_PE_all,40789,NULL,2198
Havas_PE_all,40789,NULL,2199
Havas_PE_all,40789,NULL,2200
Havas_PE_all,40789,NULL,2544
Havas_PE_all,40789,NULL,2545
Havas_PE_all,40789,NULL,2746
Havas_PE_all,40789,NULL,3002
Havas_PE_all,40789,NULL,3003
Havas_PE_all,40789,NULL,3004
Havas_PE_all,40789,NULL,3497
Havas_PE_all,40789,NULL,3546
Havas_PE_all,40789,NULL,3549
Havas_PE_all,40789,NULL,3667
Havas_PE_all,40789,NULL,3668
Havas_PE_all,40789,NULL,3669
Havas_PE_all,40789,NULL,3888
Havas_PE_all,40789,NULL,3889
Havas_PE_all,40789,NULL,3890
Havas_PE_all,40789,NULL,4006
Havas_PE_All,40789,NULL,4540
Havas_PE_All,40789,NULL,4546
Havas_PE_All,40789,NULL,4547
Havas_PE_All,40789,NULL,4548
Havas_PE_All,40789,NULL,4549
Havas_PE_All,40789,NULL,4550
Havas_PE_All,40789,NULL,4551
Havas_PE_All,40789,NULL,4552
Havas_PE_All,40789,NULL,4553
Havas_PE_All,40789,NULL,4554
Havas_PE_All,40789,NULL,4555
Havas_PE_All,40789,NULL,4557
Havas_PE_All,40789,NULL,4558
Havas_PE_All,40789,NULL,4559
Havas_PE_All,40789,NULL,4560
Havas_PE_All,40789,NULL,4561
Havas_PE_All,40789,NULL,4562
Havas_PE_All,40789,NULL,4563
Havas_PE_All,40789,NULL,5141
Havas_PE_All,40789,NULL,7408
Havas_PE_All,40789,NULL,7409
Havas_PE_All,40789,NULL,7410
Havas_PE_All,40789,NULL,4556
Havas_TR_All,40499,NULL,8150
Havas_TR_All,40499,NULL,8181
HelloMedia_ES_All,39990,NULL,NULL
HPH Movistar,40864,NULL,NULL
Hype_TR_All,40531,NULL,6668
Hype_TR_All,40531,NULL,6669
Hype_TR_All,40531,NULL,6670
Hype_TR_All,40531,NULL,6671
Hype_TR_All,40531,NULL,6672
Hype_TR_All,40531,NULL,6673
Hype_TR_All,40531,NULL,6674
Impaktu_CO_all,40865,NULL,149
Impaktu_CO_all,40865,NULL,150
Impaktu_CO_all,40865,NULL,151
Impaktu_CO_all,40865,NULL,152
Impaktu_CO_all,40865,NULL,153
Impaktu_CO_all,40865,NULL,154
Impaktu_CO_all,40865,NULL,155
Impaktu_CO_all,40865,NULL,156
Impaktu_CO_all,40865,NULL,157
Impaktu_CO_all,40865,NULL,158
Impaktu_CO_all,40865,NULL,159
Impaktu_CO_all,40865,NULL,160
Impaktu_CO_all,40865,NULL,161
Impaktu_CO_all,40865,NULL,162
Impaktu_CO_all,40865,NULL,163
Inbev_AR,40869,NULL,8351
InfinityMedia_ES_All,40093,NULL,5351
InfinityMedia_ES_All,40093,NULL,5352
InteractiveAvenue_IN_All,40649,NULL,NULL
IPG_AR_All,40870,NULL,6894
IPG_AR_All,40870,NULL,6895
IPG_AR_All,40870,NULL,6896
IPG_AR_All,40870,NULL,7567
IPG_AR_All,40870,NULL,8321
IPG_AR_All,40870,NULL,1106
IPG_AR_All,40870,NULL,1267
IPG_AR_All,40870,NULL,1341
IPG_AR_All,40870,NULL,2735
IPG_AR_All,40870,NULL,2736
IPG_AR_All,40870,NULL,2737
IPG_AR_All,40870,NULL,2738
IPG_AR_All,40870,NULL,3314
IPG_AR_All,40870,NULL,3865
IPG_AR_All,40870,NULL,4676
IPG_AR_All,40870,NULL,5036
IPG_AR_All,40870,NULL,5037
IPG_AR_All,40870,NULL,5174
IPG_AR_All,40870,NULL,5617
IPG_AR_All,40870,NULL,5828
IPG_AR_All,40870,NULL,2924
IPG_AR_All,40870,NULL,NULL
IPG_AR_All,40870,NULL,NULL
IPG_AR_All,40870,NULL,NULL
IPG_AR_All,40870,NULL,NULL
IPG_AR_All,40870,NULL,NULL
IPG_AR_Unilever,40871,NULL,1235
IPG_AR_Unilever,40871,NULL,2664
IPG_AR_Unilever,40871,NULL,2665
IPG_CL_All,40868,NULL,1046
IPG_CL_All,40868,NULL,1050
IPG_CL_All,40868,NULL,1087
IPG_CL_All,40868,NULL,1244
IPG_CL_All,40868,NULL,1349
IPG_CL_All,40868,NULL,1439
IPG_CL_All,40868,NULL,1440
IPG_CL_All,40868,NULL,1441
IPG_CL_All,40868,NULL,1600
IPG_CL_All,40868,NULL,1608
IPG_CL_All,40868,NULL,1745
IPG_CL_All,40868,NULL,1757
IPG_CL_All,40868,NULL,1759
IPG_CL_All,40868,NULL,1765
IPG_CL_All,40868,NULL,1772
IPG_CL_All,40868,NULL,1773
IPG_CL_All,40868,NULL,1774
IPG_CL_All,40868,NULL,2015
IPG_CL_All,40868,NULL,2252
IPG_CL_All,40868,NULL,2308
IPG_CL_All,40868,NULL,2339
IPG_CL_All,40868,NULL,2342
IPG_CL_All,40868,NULL,2371
IPG_CL_All,40868,NULL,2372
IPG_CL_All,40868,NULL,2703
IPG_CL_All,40868,NULL,2704
IPG_CL_All,40868,NULL,3352
IPG_CL_All,40868,NULL,3581
IPG_CL_All,40868,NULL,3586
IPG_CL_All,40868,NULL,3608
IPG_CL_All,40868,NULL,3610
IPG_CL_All,40868,NULL,3614
IPG_CL_All,40868,NULL,3644
IPG_CL_All,40868,NULL,3680
IPG_CL_All,40868,NULL,3696
IPG_CL_All,40868,NULL,3697
IPG_CL_All,40868,NULL,3698
IPG_CL_All,40868,NULL,3699
IPG_CL_All,40868,NULL,3700
IPG_CL_All,40868,NULL,4637
IPG_CL_All,40868,NULL,4638
IPG_CL_All,40868,NULL,4639
IPG_CL_All,40868,NULL,4770
IPG_CL_All,40868,NULL,5356
IPG_CL_All,40868,NULL,6640
IPG_CL_All,40868,NULL,7177
IPG_CL_all,40868,NULL,NULL
IPG_CL_All,40868,NULL,5133
IPG_CL_All,40868,NULL,6292
IPG_CL_All,40868,NULL,6294
IPG_CL_All,40868,NULL,6304
IPG_CL_All,40868,NULL,6422
IPG_CL_All,40868,NULL,6655
IPG_CL_All,40868,NULL,6659
IPG_CL_All,40868,NULL,6661
IPG_EC_All,39682,NULL,NULL
IPG_MX_All,40209,NULL,3322
IPG_MX_All,40209,NULL,3562
IPG_MX_All,40209,NULL,3748
IPG_MX_All,40209,NULL,3769
IPG_MX_All,40209,NULL,5180
IPG_MX_All,40209,NULL,5181
IPG_MX_All,40209,NULL,5182
IPG_MX_All,40209,NULL,5204
IPG_MX_All,40209,NULL,5205
IPG_MX_All,40209,NULL,5206
IPG_PE_All,40867,NULL,1463
IPG_PE_All,40867,NULL,1186
IPG_PE_All,40867,NULL,1747
IPG_UY_All,40866,NULL,6974
IPG_UY_All,40866,NULL,6975
IPG_UY_All,40866,NULL,6976
IPG_UY_All,40866,NULL,6977
IPG_UY_All,40866,NULL,6978
IPG_UY_All,40866,NULL,6979
IPG_UY_All,40866,NULL,6980
iProspect_AR_all,40790,NULL,991
iProspect_AR_all,40790,NULL,1037
iProspect_AR_all,40790,NULL,1086
iProspect_AR_all,40790,NULL,1093
iProspect_AR_all,40790,NULL,1141
iProspect_AR_all,40790,NULL,1142
iProspect_AR_all,40790,NULL,1282
iProspect_AR_all,40790,NULL,1292
iProspect_AR_all,40790,NULL,1293
iProspect_AR_all,40790,NULL,1294
iProspect_AR_all,40790,NULL,1295
iProspect_AR_all,40790,NULL,1296
iProspect_AR_all,40790,NULL,1342
iProspect_AR_all,40790,NULL,1370
iProspect_AR_all,40790,NULL,1390
iProspect_AR_all,40790,NULL,1395
iProspect_AR_all,40790,NULL,1396
iProspect_AR_all,40790,NULL,1497
iProspect_AR_all,40790,NULL,1552
iProspect_AR_all,40790,NULL,1603
iProspect_AR_all,40790,NULL,1604
iProspect_AR_all,40790,NULL,1605
iProspect_AR_all,40790,NULL,1606
iProspect_AR_all,40790,NULL,1607
iProspect_AR_all,40790,NULL,1620
iProspect_AR_all,40790,NULL,1623
iProspect_AR_all,40790,NULL,1650
iProspect_AR_all,40790,NULL,1655
iProspect_AR_all,40790,NULL,1669
iProspect_AR_all,40790,NULL,1691
iProspect_AR_all,40790,NULL,2089
iProspect_AR_all,40790,NULL,2090
iProspect_AR_all,40790,NULL,2171
iProspect_AR_all,40790,NULL,2173
iProspect_AR_all,40790,NULL,2187
iProspect_AR_all,40790,NULL,2224
iProspect_AR_all,40790,NULL,2320
iProspect_AR_all,40790,NULL,2466
iProspect_AR_all,40790,NULL,2467
iProspect_AR_all,40790,NULL,2468
iProspect_AR_all,40790,NULL,2469
iProspect_AR_all,40790,NULL,2470
iProspect_AR_all,40790,NULL,2471
iProspect_AR_all,40790,NULL,2472
iProspect_AR_all,40790,NULL,2473
iProspect_AR_all,40790,NULL,2474
iProspect_AR_all,40790,NULL,2475
iProspect_AR_all,40790,NULL,2476
iProspect_AR_all,40790,NULL,2477
iProspect_AR_all,40790,NULL,2478
iProspect_AR_all,40790,NULL,2479
iProspect_AR_all,40790,NULL,2480
iProspect_AR_all,40790,NULL,2481
iProspect_AR_all,40790,NULL,2482
iProspect_AR_all,40790,NULL,2594
iProspect_AR_all,40790,NULL,2603
iProspect_AR_all,40790,NULL,2639
iProspect_AR_all,40790,NULL,2640
iProspect_AR_all,40790,NULL,2648
iProspect_AR_all,40790,NULL,2649
iProspect_AR_all,40790,NULL,2671
iProspect_AR_all,40790,NULL,2672
iProspect_AR_all,40790,NULL,2851
iProspect_AR_all,40790,NULL,2852
iProspect_AR_all,40790,NULL,2853
iProspect_AR_all,40790,NULL,2959
iProspect_AR_all,40790,NULL,2960
iProspect_AR_all,40790,NULL,2961
iProspect_AR_all,40790,NULL,2962
iProspect_AR_all,40790,NULL,2963
iProspect_AR_all,40790,NULL,2964
iProspect_AR_all,40790,NULL,2965
iProspect_AR_all,40790,NULL,2966
iProspect_AR_all,40790,NULL,2967
iProspect_AR_all,40790,NULL,2968
iProspect_AR_all,40790,NULL,3043
iProspect_AR_all,40790,NULL,3156
iProspect_AR_all,40790,NULL,3157
iProspect_AR_all,40790,NULL,3158
iProspect_AR_all,40790,NULL,3173
iProspect_AR_all,40790,NULL,3176
iProspect_AR_all,40790,NULL,3177
iProspect_AR_all,40790,NULL,3179
iProspect_AR_all,40790,NULL,3213
iProspect_AR_all,40790,NULL,3214
iProspect_AR_all,40790,NULL,3215
iProspect_AR_all,40790,NULL,3328
iProspect_AR_all,40790,NULL,3329
iProspect_AR_all,40790,NULL,3330
iProspect_AR_all,40790,NULL,3392
iProspect_AR_all,40790,NULL,3395
iProspect_AR_all,40790,NULL,3396
iProspect_AR_all,40790,NULL,3550
iProspect_AR_all,40790,NULL,3626
iProspect_AR_all,40790,NULL,3627
iProspect_AR_all,40790,NULL,3674
iProspect_AR_all,40790,NULL,3891
iProspect_AR_all,40790,NULL,3892
iProspect_AR_all,40790,NULL,4046
iProspect_AR_all,40790,NULL,4047
iProspect_AR_all,40790,NULL,4096
iProspect_AR_all,40790,NULL,4145
iProspect_AR_all,40790,NULL,4330
iProspect_AR_all,40790,NULL,4331
iProspect_AR_all,40790,NULL,4332
iProspect_AR_all,40790,NULL,4333
iProspect_AR_all,40790,NULL,4363
iProspect_AR_all,40790,NULL,4364
iProspect_AR_all,40790,NULL,4365
iProspect_AR_all,40790,NULL,4366
iProspect_AR_all,40790,NULL,4367
iProspect_AR_all,40790,NULL,4368
iProspect_AR_all,40790,NULL,4369
iProspect_AR_all,40790,NULL,4370
iProspect_AR_all,40790,NULL,4371
iProspect_AR_all,40790,NULL,4396
iProspect_AR_all,40790,NULL,4419
iProspect_AR_all,40790,NULL,4431
iProspect_AR_all,40790,NULL,4432
iProspect_AR_all,40790,NULL,4433
iProspect_AR_all,40790,NULL,5004
iProspect_AR_all,40790,NULL,5203
iProspect_AR_all,40790,NULL,5253
iProspect_AR_all,40790,NULL,5411
iProspect_AR_all,40790,NULL,5441
iProspect_AR_all,40790,NULL,5525
iProspect_AR_all,40790,NULL,5674
iProspect_AR_all,40790,NULL,5675
iProspect_AR_all,40790,NULL,5988
iProspect_AR_all,40790,NULL,5989
iProspect_AR_all,40790,NULL,6068
iProspect_AR_all,40790,NULL,6082
iProspect_AR_all,40790,NULL,6086
iProspect_AR_all,40790,NULL,6145
iProspect_AR_all,40790,NULL,6165
iProspect_AR_all,40790,NULL,6166
iProspect_AR_all,40790,NULL,6167
iProspect_AR_all,40790,NULL,6176
iProspect_AR_all,40790,NULL,6191
iProspect_AR_all,40790,NULL,6293
iProspect_AR_all,40790,NULL,6295
iProspect_AR_all,40790,NULL,6401
iProspect_AR_all,40790,NULL,6464
iProspect_AR_all,40790,NULL,6465
iProspect_AR_all,40790,NULL,6466
iProspect_AR_all,40790,NULL,7399
iProspect_AR_all,40790,NULL,7596
iProspect_AR_all,40790,NULL,7706
iProspect_AR_all,40790,NULL,7707
iProspect_AR_all,40790,NULL,7708
iProspect_AR_all,40790,NULL,7764
iProspect_AR_all,40790,NULL,7884
iProspect_AR_all,40790,NULL,7885
iProspect_AR_all,40790,NULL,8111
iProspect_AR_all,40790,NULL,8358
iProspect_AR_all,40790,NULL,8359
iProspect_BR_all,40861,NULL,458
iProspect_BR_all,40861,NULL,459
iProspect_BR_all,40861,NULL,460
iProspect_BR_all,40861,NULL,473
iProspect_BR_all,40861,NULL,474
iProspect_BR_all,40861,NULL,475
iProspect_BR_all,40861,NULL,480
iProspect_BR_all,40861,NULL,481
iProspect_BR_all,40861,NULL,482
iProspect_BR_all,40861,NULL,483
iProspect_BR_all,40861,NULL,484
iProspect_BR_all,40861,NULL,485
iProspect_BR_all,40861,NULL,491
iProspect_BR_all,40861,NULL,492
iProspect_BR_all,40861,NULL,493
iProspect_BR_all,40861,NULL,494
iProspect_BR_all,40861,NULL,495
iProspect_BR_All,40861,NULL,7629
Iprospect_CL_All,40251,NULL,2554
Iprospect_CL_All,40251,NULL,4448
Iprospect_CL_All,40251,NULL,4732
IProspect_CO_All,40862,NULL,3318
IProspect_CO_All,40862,NULL,NULL
JellyFish_BR_All,40863,NULL,6684
JellyFish_BR_All,40863,NULL,5618
JFT_ES_All,40083,NULL,NULL
Jussi_BR_All,40900,NULL,3619
Jussi_BR_All,40900,NULL,3735
Jussi_BR_All,40900,NULL,7432
Jussi_BR_All,40900,NULL,7433
Jussi_BR_All,40900,NULL,7709
Jussi_BR_All,40900,NULL,7710
Jussi_BR_All,40900,NULL,7723
Labelium_ES_All,40130,NULL,NULL
LatamDM_MX_All,40901,NULL,4022
LatamDM_MX_All,40901,NULL,5251
LatinMedios_AR_All,40426,NULL,NULL
LatinMedios_AR_All,40426,NULL,NULL
LatinMedios_AR_All,40426,NULL,NULL
LaughMedia_AR_All,40902,NULL,3648
LaughMedia_AR_All,40902,NULL,3649
LaughMedia_AR_All,40902,NULL,3650
LaughMedia_AR_All,40902,NULL,3676
LaughMedia_AR_All,40902,NULL,3677
LaughMedia_AR_All,40902,NULL,3678
LaughMedia_AR_All,40902,NULL,4564
LaughMedia_AR_All,40902,NULL,4565
LaughMedia_AR_All,40902,NULL,4566
Lemon_AR_All,40903,NULL,8440
Lemon_AR_All,40903,NULL,8443
Lemon_AR_All,40903,NULL,8444
Lemon_AR_All,40903,NULL,8445
LewLara_Br_All,40904,NULL,6160
LewLara_BR_All,40904,NULL,6210
Liverpool_MX_All,40905,NULL,7210
Liverpool_MX_All,40905,NULL,2020
Liverpool_MX_All,40905,NULL,2740
Maga G,40906,NULL,NULL
Manifiesto_ES_All,40348,NULL,NULL
MatterKind Mexico Alejandro,40907,NULL,339
MatterKind Mexico Alejandro,40907,NULL,367
MatterKind Mexico Alejandro,40907,NULL,368
MatterKind Mexico Alejandro,40907,NULL,369
MatterKind Mexico Alejandro,40907,NULL,370
MatterKind Mexico Alejandro,40907,NULL,426
MatterKind Mexico Alejandro,40907,NULL,427
MatterKind Mexico Alejandro,40907,NULL,500
MatterKind Mexico Alejandro,40907,NULL,519
MatterKind Mexico Alejandro,40907,NULL,567
Matterkind_BR_All,40908,NULL,1767
Matterkind_BR_All,40908,NULL,6583
Matterkind_BR_All,40908,NULL,6970
Matterkind_BR_All,40908,NULL,6971
Matterkind_BR_All,40908,NULL,3899
Matterkind_BR_All,40908,NULL,4146
Matterkind_BR_All,40908,NULL,4147
Matterkind_BR_All,40908,NULL,4648
Matterkind_BR_All,40908,NULL,4649
Matterkind_BR_All,40908,NULL,5767
Matterkind_BR_All,40908,NULL,7558
Matterkind_BR_All,40908,NULL,7559
Matterkind_BR_All,40908,NULL,8480
Matterkind_BR_all,40908,NULL,6685
Matterkind_BR_All,40908,NULL,7759
Matterkind_BR_All,40908,NULL,7760
Matterkind_BR_All,40908,NULL,7783
Matterkind_BR_All,40908,NULL,7784
Matterkind_BR_All,40908,NULL,7785
Matterkind_BR_All,40908,NULL,7786
Matterkind_CL_All,40909,NULL,6650
Matterkind_CL_All,40909,NULL,6651
Matterkind_CL_All,40909,NULL,6652
Matterkind_CL_All,40909,NULL,6653
Matterkind_CL_All,40909,NULL,6654
Matterkind_CL_All,40909,NULL,6656
Matterkind_CL_All,40909,NULL,6657
Matterkind_CL_All,40909,NULL,6658
Matterkind_CL_All,40909,NULL,6660
Matterkind_CL_All,40909,NULL,6662
Matterkind_CL_All,40909,NULL,4033
Matterkind_CL_All,40909,NULL,4105
Matterkind_CL_All,40909,NULL,4141
Matterkind_CL_All,40909,NULL,4142
Matterkind_CL_All,40909,NULL,4403
Matterkind_CL_All,40909,NULL,4758
Matterkind_CL_All,40909,NULL,6727
Matterkind_CL_All,40909,NULL,4190
Matterkind_CL_All,40909,NULL,3870
Matterkind_CL_All,40909,NULL,3994
Matterkind_CL_All,40909,NULL,3995
Matterkind_CL_All,40909,NULL,5247
Matterkind_CL_All,40909,NULL,5479
Matterkind_CL_All,40909,NULL,5755
Matterkind_CL_All,40909,NULL,5876
Matterkind_CL_All,40909,NULL,6839
Matterkind_CL_All,40909,NULL,6863
Matterkind_CL_All,40909,NULL,7069
Matterkind_CL_All,40909,NULL,7209
Matterkind_CL_All,40909,NULL,7328
Matterkind_CL_All,40909,NULL,7329
Matterkind_CL_All,40909,NULL,7333
Matterkind_CL_All,40909,NULL,7334
Matterkind_CL_All,40909,NULL,7473
Matterkind_CL_All,40909,NULL,7541
Matterkind_CL_All,40909,NULL,7552
Matterkind_CL_All,40909,NULL,7553
Matterkind_CL_All,40909,NULL,8462
Matterkind_CO_All,40771,NULL,4286
Matterkind_CO_All,40771,NULL,4398
Matterkind_CO_All,40771,NULL,4407
Matterkind_ES_All,40910,NULL,6626
Matterkind_ES_All,40910,NULL,7535
Matterkind_ES_Programmatic,40910,NULL,5440
Matterkind_MX_All,40911,NULL,4507
Matterkind_MX_All,40911,NULL,5040
Matterkind_MX_All,40911,NULL,5754
Matterkind_Mx_All,40911,NULL,6767
Matterkind_Mx_All,40911,NULL,6787
Matterkind_Mx_All,40911,NULL,6788
Matterkind_Mx_All,40911,NULL,6901
Matterkind_Mx_All,40911,NULL,8002
Matterkind_MX_All,40911,NULL,7014
Matterkind_MX_All,40911,NULL,7493
Matterkind_MX_All,40911,NULL,7494
Matterkind_MX_All,40911,NULL,7495
Matterkind_MX_All,40911,NULL,2732
Matterkind_MX_All,40911,NULL,2939
Matterkind_MX_All,40911,NULL,3227
Matterkind_MX_All,40911,NULL,3797
Matterkind_Mx_Deal,40911,NULL,3800
Matterkind_Mx_Deal,40911,NULL,3944
Matterkind_Mx_Deal,40911,NULL,3946
Matterkind_Mx_Deal,40911,NULL,3948
Matterkind_Mx_Deal,40911,NULL,3949
Matterkind_Mx_Deal,40911,NULL,4044
Matterkind_Mx_Deal,40911,NULL,4102
Matterkind_Mx_Deal,40911,NULL,4103
Matterkind_Mx_Deal,40911,NULL,4162
Matterkind_Mx_Deal,40911,NULL,4189
Matterkind_Mx_Deal,40911,NULL,4199
Matterkind_Mx_Deal,40911,NULL,4317
Matterkind_Mx_Deal,40911,NULL,4393
Matterkind_Mx_Deal,40911,NULL,5649
Matterkind_Mx_Deal,40911,NULL,5650
Matterkind_Mx_Deal,40911,NULL,5651
Matterkind_Mx_Deal,40911,NULL,5712
Matterkind_Mx_Deal,40911,NULL,5753
Matterkind_Mx_Deal,40911,NULL,5786
Matterkind_Mx_Deal,40911,NULL,5870
Matterkind_MX_Deal,40911,NULL,7346
Matterkind_MX_Deal,40911,NULL,7366
Matterkind_MX_Deal,40911,NULL,7600
Matterkind_MX_Deal,40911,NULL,7935
Matterkind_MX_Deal,40911,NULL,8020
Matterkind_MX_Deal,40911,NULL,8214
Matterkind_PE_All,40912,NULL,1984
Matterkind_UK_All,40913,NULL,5285
Matterkind_UK_All,40913,NULL,5495
Matterkind_UK_All,40913,NULL,5496
Matterkind_UK_All,40913,NULL,5497
Matterkind_UK_All,40913,NULL,5498
Matterkind_UK_All,40913,NULL,5499
Matterkind_UK_All,40913,NULL,5500
Matterkind_UK_All,40913,NULL,5501
Matterkind_UK_All,40913,NULL,5502
Matterkind_UK_All,40913,NULL,5503
Matterkind_UK_All,40913,NULL,5504
Matterkind_UK_All,40913,NULL,5505
Matterkind_UK_All,40913,NULL,5506
Matterkind_UK_All,40913,NULL,5507
Matterkind_UK_All,40913,NULL,5508
Matterkind_UK_All,40913,NULL,5509
Matterkind_UK_All,40913,NULL,5510
Matterkind_UK_All,40913,NULL,5511
Matterkind_UK_All,40913,NULL,5512
Matterkind_UK_All,40913,NULL,5513
Matterkind_UK_All,40913,NULL,5514
Matterkind_UK_All,40913,NULL,5515
Matterkind_UK_All,40913,NULL,5516
Matterkind_UK_All,40913,NULL,5517
Matterkind_UK_All,40913,NULL,5518
Matterkind_UK_All,40913,NULL,5519
Matterkind_UK_All,40913,NULL,5520
Matterkind_UK_All,40913,NULL,5521
Matterkind_UK_All,40913,NULL,5522
Matterkind_UK_All,40913,NULL,5585
Matterkind_UK_All,40913,NULL,5586
Matterkind_UK_All,40913,NULL,6338
Matterkind_UK_All,40913,NULL,6561
Matterkind_UK_All,40913,NULL,6562
Matterkind_UK_All,40913,NULL,6641
Matterkind_UK_All,40913,NULL,6642
Matterkind_UK_All,40913,NULL,7256
Matterkind_UK_All,40913,NULL,7353
Matterkind_UK_All,40913,NULL,7944
Matterkind_UK_All,40913,NULL,8012
Matterkind_UK_All,40913,NULL,8013
Matterkind_UK_All,40913,NULL,8014
Matterkind_UK_All,40913,NULL,NULL
Matterkind_UK_All,40913,NULL,NULL
Matterkind_UK_All,40913,NULL,NULL
Matterkind_UK_All,40913,NULL,NULL
Matterkind_UK_All,40913,NULL,NULL
Matterkind_UK_All,40913,NULL,NULL
Matterkind_UK_All,40913,NULL,NULL
Mediacom_AR_All,40934,NULL,4622
Mediacom_CO_All,40935,NULL,4311
Mediacom_CO_All,40935,NULL,5454
Mediacom_MX_All,40936,NULL,3526
Mediacom_MX_All,40936,NULL,3530
Mediacom_MX_All,40936,NULL,6801
Mediacom_MX_All,40936,NULL,2747
Mediacom_MX_All,40936,NULL,2749
Mediacom_UK_All,40937,NULL,4819
Mediacom_UK_All,40937,NULL,5102
Mediacom_UK_All,40937,NULL,4818
Mediacom_UK_All,40937,NULL,5101
Mediacom_UK_All,40937,NULL,5804
MediaIQDigital_DE_All,40938,NULL,3722
MediaIQDigital_DE_All,40938,NULL,3723
MediaIQDigital_DE_All,40938,NULL,3724
MediaIQDigital_DE_All,40938,NULL,3725
MediaIQDigital_DE_All,40938,NULL,3801
MediaIQDigital_DE_All,40938,NULL,3802
Mediamath_AR_all,40939,NULL,498
Mediamath_AR_all,40939,NULL,2169
Mediamath_AR_all,40939,NULL,2825
Mindshare_CO_All,40940,NULL,3600
Mindshare_CO_All,40940,NULL,3704
Mindshare_MX_all,40941,NULL,1332
Mindshare_MX_all,40941,NULL,1453
Mindshare_MX_Deal,40941,NULL,7497
Mindshare_MX_Deal,40941,NULL,7498
Mindshare_MX_Deal,40941,NULL,7499
Mindshare_MX_Deal,40941,NULL,7500
Mindshare_MX_Deal,40941,NULL,7501
Mindshare_MX_Deal,40941,NULL,7502
Mindshare_MX_Deal,40941,NULL,7508
Mindshare_MX_Deal,40941,NULL,7509
Mindshare_MX_Deal,40941,NULL,7510
Mindshare_MX_Deal,40941,NULL,7511
Mindshare_MX_Deal,40941,NULL,7512
Mindshare_MX_Deal,40941,NULL,7513
MoodIntegral_CO_all,40744,NULL,NULL
MoodIntegral_CO_all,40744,NULL,NULL
MoodIntegral_CO_all,40744,NULL,NULL
MoodIntegral_CO_all,40744,NULL,NULL
MoodIntegral_CO_all,40744,NULL,NULL
MoodIntegral_CO_all,40744,NULL,NULL
Msix_ES_All,40942,NULL,3559
Msix_ES_All,40942,NULL,3560
Msix_ES_All,40942,NULL,3993
Msix_ES_All,40942,NULL,4318
Msix_ES_All,40942,NULL,3282
MullenLowe_NI_All,40943,NULL,NULL
NEO_Spain_All,40944,NULL,1320
NeoMediaWorld_CA,40945,NULL,6663
NeoMediaWorld_CA,40945,NULL,NULL
NeoMediaWorld_UK_All,40946,NULL,5105
NeoMediaWorld_UK_All,40946,NULL,6388
NeoMediaWorld_UK_All,40946,NULL,7968
Netbet_BR_All,40333,NULL,NULL
Nombre de Agencia 3,40947,NULL,2
Nombre de Agencia 3,40947,NULL,3
Nombre de Agencia 3,40947,NULL,2981
Nombre de Agencia 3,40947,NULL,7615
Octopus_Digital,40948,NULL,2796
Octopus_Digital,40948,NULL,2811
Octopus_Digital,40948,NULL,2812
Octopus_Digital,40948,NULL,2813
Octopus_Digital,40948,NULL,2814
Octopus_Digital,40948,NULL,2899
Octopus_Digital,40948,NULL,2900
Octopus_Digital,40948,NULL,2901
Ogilvy_BR_All,40949,NULL,1455
OMD_CL_All,40465,NULL,1788
OMD_CL_All,40465,NULL,1789
OMD_CL_All,40465,NULL,1790
OMD_CL_All,40465,NULL,1791
OMD_CL_All,40465,NULL,1792
OMD_CL_All,40465,NULL,4567
OMD_CL_All,40465,NULL,2651
OMD_CL_All,40465,NULL,6296
OMD_CL_All,40465,NULL,7647
OMD_CL_All,40465,NULL,7763
OMD_CL_All,40465,NULL,NULL
OMD_CO_All,39799,NULL,NULL
OMD_CO_all,39799,NULL,NULL
OMD_CO_programmatic,39799,NULL,7280
OMD_CO_Programmatic,39799,NULL,8113
OMD_CR_Claro_All,39750,NULL,NULL
OMD_CR_PolloGrajero_All,39750,NULL,NULL
OMD_CR_Pozuelo_All,39750,NULL,NULL
OMD_ES_All,40950,NULL,4323
OMD_ES_All,40950,NULL,4672
OMD_ES_All,40950,NULL,5397
OMD_ES_All,40950,NULL,6882
OMD_ES_All,40950,NULL,6883
OMD_ES_All,40950,NULL,7285
OMD_ES_all,40950,NULL,506
OMD_ES_all,40950,NULL,507
OMD_ES_all,40950,NULL,689
OMD_ES_all,40950,NULL,1073
OMD_ES_all,40950,NULL,1074
OMD_ES_all,40950,NULL,1125
OMD_ES_all,40950,NULL,1126
OMD_ES_all,40950,NULL,1128
OMD_ES_all,40950,NULL,1129
OMD_ES_all,40950,NULL,1587
OMD_ES_all,40950,NULL,1588
OMD_ES_all,40950,NULL,1589
OMD_ES_all,40950,NULL,1822
OMD_ES_all,40950,NULL,2016
OMD_ES_all,40950,NULL,2186
OMD_ES_all,40950,NULL,2936
OMD_ES_all,40950,NULL,3008
OMD_ES_all,40950,NULL,3009
OMD_ES_All,40950,NULL,2139
OMD_ES_Programmatic,40950,NULL,4641
OMD_ES_Programmatic,40950,NULL,4642
OMD_ES_Programmatic,40950,NULL,6793
OMD_ES_Programmatic,40950,NULL,6934
OMD_ES_Programmatic,40950,NULL,7787
OMD_GT_All,39787,NULL,NULL
OMD_MX_All,40116,NULL,448
OMD_TR_All,40737,NULL,2610
OMD_TR_All,40737,NULL,2611
OMD_TR_All,40737,NULL,2612
OMD_TR_All,40737,NULL,5893
OMD_TR_All,40737,NULL,5894
OMD_TR_ALL,40737,NULL,3087
OMD_TR_ALL,40737,NULL,5358
OMD_TR_ALL,40737,NULL,5359
OMD_TR_ALL,40737,NULL,5418
OMD_TR_All,40737,NULL,7547
OMD_TR_All,40737,NULL,7548
OMD_TR_All,40737,NULL,7549
OMD_TR_All,40737,NULL,7550
OMD_TR_All,40737,NULL,7551
OMD_US_All,40951,NULL,5315
OMD_US_All,40951,NULL,5316
OMD_US_All,40951,NULL,5317
OMD_US_All,40951,NULL,5329
OMD_US_All,40951,NULL,5330
OMD_US_All,40951,NULL,5331
OMD_US_All,40951,NULL,5341
OMD_US_All,40951,NULL,5637
OMD_US_All,40951,NULL,5638
OMD_US_All,40951,NULL,5639
OMD_US_All,40951,NULL,6089
OMD_US_All,40951,NULL,6090
OMD_US_All,40951,NULL,6091
OMD_US_All,40951,NULL,6092
OMD_US_All,40951,NULL,6093
OMD_US_All,40951,NULL,6094
OMD_US_All,40951,NULL,6095
OMD_US_All,40951,NULL,6096
OMD_US_All,40951,NULL,6104
OMD_US_All,40951,NULL,6105
OMD_US_All,40951,NULL,6106
OMD_US_All,40951,NULL,6107
OMD_US_All,40951,NULL,6108
OMD_US_All,40951,NULL,6109
OMD_US_All,40951,NULL,6110
OMD_US_All,40951,NULL,6111
OMD_US_All,40951,NULL,6152
OMD_US_All,40951,NULL,6153
OMD_US_All,40951,NULL,6298
OMD_US_All,40951,NULL,1385
OMD_US_All,40951,NULL,2745
OMD_UY_All,40668,NULL,NULL
OMD_UY_All,40668,NULL,NULL
OMD_UY_All,40668,NULL,2209
OMD_UY_All,40668,NULL,2210
OMD_UY_All,40668,NULL,4204
OMD_UY_All,40668,NULL,4802
OMG_AR_All,40952,NULL,5254
OMG_AR_All,40952,NULL,5862
OMG_AR_All,40952,NULL,5863
OMG_AR_All,40952,NULL,5864
OMG_AR_All,40952,NULL,5865
OMG_AR_All,40952,NULL,6312
OMG_CL_All,40465,NULL,6269
OMG_CL_All,40465,NULL,6845
OMG_CL_All,40465,NULL,7129
OMG_CL_all,40465,NULL,168
OMG_CL_all,40465,NULL,NULL
OMG_CL_all,40465,NULL,380
OMG_CL_all,40465,NULL,4806
OMG_GT_all,39787,NULL,726
OMG_GT_all,39787,NULL,727
OMG_GT_all,39787,NULL,1016
OMG_GT_all,39787,NULL,2112
OMG_MX_all,40116,NULL,107
OMG_MX_all,40116,NULL,278
OMG_MX_all,40116,NULL,2331
OMG_MX_all,40116,NULL,2368
OMG_MX_all,40116,NULL,4422
OMG_MX_All,40116,NULL,4733
Omnicom AR Francisco,40952,NULL,371
Omnicom AR Francisco,40952,NULL,372
Oniad_ES_All,40953,NULL,6785
Oniad_ES_All,40953,NULL,7284
OPC_ES_All,40954,NULL,NULL
OportunidadesCanarias_ES_All,39913,NULL,NULL
P&G_BR_All,40955,NULL,1551
P&G_BR_All,40955,NULL,1556
P&G_BR_All,40955,NULL,1557
P&G_BR_All,40955,NULL,1558
P&G_BR_All,40955,NULL,1559
P&G_BR_All,40955,NULL,1560
P&G_BR_All,40955,NULL,1561
P&G_BR_All,40955,NULL,1562
P&G_BR_All,40955,NULL,1563
P&G_BR_All,40955,NULL,1564
P&G_BR_All,40955,NULL,1565
P&G_BR_All,40955,NULL,1566
P&G_BR_All,40955,NULL,1567
P&G_BR_All,40955,NULL,1568
P&G_BR_All,40955,NULL,1569
P&G_BR_All,40955,NULL,1570
P&G_BR_All,40955,NULL,1571
P&G_BR_All,40955,NULL,1572
P&G_BR_All,40955,NULL,1573
P&G_BR_All,40955,NULL,1574
P&G_BR_All,40955,NULL,1575
P&G_BR_All,40955,NULL,1576
P&G_BR_All,40955,NULL,1577
PayPhone_BR_All,40956,NULL,3001
PHD_AR_All,39656,NULL,4577
PHD_AR_CepasAMC,39656,NULL,4585
PHD_AR_CepasAMC,39656,NULL,4586
PHD_AR_CepasAMC,39656,NULL,4587
PHD_AR_CepasAMC,39656,NULL,5975
PHD_AR_SCJ_AR,39656,NULL,4542
PHD_AR_SCJ_AR,39656,NULL,414
PHD_AR_SCJohnson,39656,NULL,NULL
PHD_CL_All,40699,NULL,1784
PHD_CL_All,40699,NULL,1785
PHD_CL_All,40699,NULL,1786
PHD_CL_All,40699,NULL,1787
PHD_CO_All,39835,NULL,NULL
PHD_CO_All,39835,NULL,NULL
PHD_CO_All,39835,NULL,NULL
PHD_ES_All,39730,NULL,1100
PHD_ES_All,39730,NULL,1755
PHD_ES_All,39730,NULL,2023
PHD_ES_Directo,39730,NULL,NULL
PHD_ES_Programmatic,39730,NULL,3637
PHD_ES_Programmatic,39730,NULL,3638
PHD_ES_Programmatic,39730,NULL,4353
PHD_MX_all,40335,NULL,1407
PHD_MX_all,40335,NULL,1529
PHD_US_All,40957,NULL,3664
PHD_US_All,40957,NULL,4588
PHD_UY_All,40473,NULL,NULL
Philco_BR_All,40958,NULL,NULL
Philco_BR_All,40958,NULL,3858
PlaceboMedia_ES_All,40959,NULL,2212
PlaceboMedia_ES_All,40959,NULL,2213
PlaceboMedia_ES_All,40959,NULL,3025
PlaceboMedia_ES_All,40959,NULL,6967
PlaceboMedia_ES_All,40959,NULL,7082
PlaceboMedia_ES_All,40959,NULL,7458
PlanB_TR_All,40663,NULL,NULL
PlayStation_BR_All,40960,NULL,2144
PMC_ES_All,40533,NULL,NULL
Precision_AR_All,40931,NULL,4589
Precision_AR_All,40931,NULL,4590
Precision_AR_All,40931,NULL,4591
Precision_AR_All,40931,NULL,4592
Precision_AR_All,40931,NULL,5839
Precision_AR_All,40931,NULL,6318
Precision_AR_All,40931,NULL,7004
Precision_AR_All,40931,NULL,7165
Precision_AR_All,40931,NULL,7368
Precision_AR_All,40931,NULL,7525
Precision_AR_All,40931,NULL,7620
Precision_AR_All,40931,NULL,7621
Precision_AR_All,40931,NULL,8032
Precision_AR_All,40931,NULL,8239
Precision_AR_All,40931,NULL,8327
Precision_AR_all,40931,NULL,978
Precision_AR_all,40931,NULL,1064
Precision_AR_all,40931,NULL,1391
Precision_AR_all,40931,NULL,1401
Precision_AR_all,40931,NULL,1519
Precision_AR_all,40931,NULL,1621
Precision_AR_all,40931,NULL,1643
Precision_AR_all,40931,NULL,1682
Precision_AR_all,40931,NULL,1986
Precision_AR_all,40931,NULL,2355
Precision_AR_all,40931,NULL,2766
Precision_AR_all,40931,NULL,3044
Precision_AR_all,40931,NULL,3178
Precision_AR_all,40931,NULL,3591
Precision_AR_all,40931,NULL,3611
Precision_AR_all,40931,NULL,3624
Precision_AR_all,40931,NULL,3996
Precision_AR_all,40931,NULL,3997
Precision_AR_all,40931,NULL,4326
Precision_AR_all,40931,NULL,4435
Precision_AR_All,40931,NULL,2824
Precision_AR_All,40931,NULL,3224
Precision_AR_All,40931,NULL,3317
Precision_AR_All,40931,NULL,6885
Precision_AR_All,40931,NULL,7083
Precision_AR_All,40931,NULL,7252
Precision_AR_All,40931,NULL,8317
Precision_CO_ All,40119,NULL,944
Precision_CO_ All,40119,NULL,945
Precision_CO_ All,40119,NULL,1053
Precision_CO_ All,40119,NULL,1054
Precision_CO_ All,40119,NULL,1055
Precision_CO_ All,40119,NULL,1056
Precision_CO_ All,40119,NULL,1057
Precision_CO_ All,40119,NULL,1058
Precision_CO_ All,40119,NULL,1059
Precision_CO_ All,40119,NULL,1116
Precision_CO_all,40119,NULL,12
Precision_CO_all,40119,NULL,40
Precision_CO_all,40119,NULL,41
Precision_CO_all,40119,NULL,64
Precision_CO_all,40119,NULL,66
Precision_CO_all,40119,NULL,110
Precision_CO_all,40119,NULL,111
Precision_CO_all,40119,NULL,113
Precision_CO_all,40119,NULL,115
Precision_CO_all,40119,NULL,122
Precision_CO_all,40119,NULL,130
Precision_CO_all,40119,NULL,145
Precision_CO_all,40119,NULL,146
Precision_CO_all,40119,NULL,148
Precision_CO_all,40119,NULL,174
Precision_CO_all,40119,NULL,195
Precision_CO_all,40119,NULL,196
Precision_CO_all,40119,NULL,211
Precision_CO_all,40119,NULL,213
Precision_CO_all,40119,NULL,223
Precision_CO_all,40119,NULL,224
Precision_CO_all,40119,NULL,246
Precision_CO_all,40119,NULL,247
Precision_CO_all,40119,NULL,248
Precision_CO_all,40119,NULL,249
Precision_CO_all,40119,NULL,250
Precision_CO_all,40119,NULL,251
Precision_CO_all,40119,NULL,252
Precision_CO_all,40119,NULL,277
Precision_CO_all,40119,NULL,308
Precision_CO_all,40119,NULL,309
Precision_CO_all,40119,NULL,457
Precision_CO_all,40119,NULL,615
Precision_CO_all,40119,NULL,620
Precision_CO_all,40119,NULL,621
Precision_CO_all,40119,NULL,622
Precision_CO_all,40119,NULL,623
Precision_CO_all,40119,NULL,624
Precision_CO_all,40119,NULL,625
Precision_CO_all,40119,NULL,626
Precision_CO_all,40119,NULL,627
Precision_CO_all,40119,NULL,742
Precision_CO_all,40119,NULL,743
Precision_CO_all,40119,NULL,744
Precision_CO_all,40119,NULL,745
Precision_CO_all,40119,NULL,746
Precision_CO_all,40119,NULL,747
Precision_CO_all,40119,NULL,748
Precision_CO_all,40119,NULL,749
Precision_CO_all,40119,NULL,750
Precision_CO_all,40119,NULL,751
Precision_CO_all,40119,NULL,752
Precision_CO_all,40119,NULL,753
Precision_CO_all,40119,NULL,754
Precision_CO_all,40119,NULL,755
Precision_CO_all,40119,NULL,756
Precision_CO_all,40119,NULL,757
Precision_CO_all,40119,NULL,758
Precision_CO_all,40119,NULL,759
Precision_CO_all,40119,NULL,760
Precision_CO_all,40119,NULL,761
Precision_CO_all,40119,NULL,865
Precision_CO_all,40119,NULL,916
Precision_CO_all,40119,NULL,1003
Precision_CO_all,40119,NULL,1004
Precision_CO_all,40119,NULL,1005
Precision_CO_all,40119,NULL,1006
Precision_CO_all,40119,NULL,1007
Precision_CO_all,40119,NULL,1008
Precision_CO_all,40119,NULL,1009
Precision_CO_all,40119,NULL,1010
Precision_CO_all,40119,NULL,1011
Precision_CO_all,40119,NULL,1172
Precision_CO_all,40119,NULL,1173
Precision_CO_all,40119,NULL,1174
Precision_CO_all,40119,NULL,1175
Precision_CO_all,40119,NULL,1176
Precision_CO_all,40119,NULL,1461
Precision_CO_all,40119,NULL,1468
Precision_CO_all,40119,NULL,1578
Precision_CO_all,40119,NULL,1657
Precision_CO_all,40119,NULL,1803
Precision_CO_all,40119,NULL,1952
Precision_CO_all,40119,NULL,1982
Precision_CO_all,40119,NULL,2056
Precision_CO_all,40119,NULL,2070
Precision_CO_all,40119,NULL,2071
Precision_CO_all,40119,NULL,4606
Precision_CO_all,40119,NULL,4607
Precision_CO_all,40119,NULL,49
Precision_CO_all,40119,NULL,50
Precision_CO_all,40119,NULL,51
Precision_CO_all,40119,NULL,109
Precision_CO_all,40119,NULL,114
Precision_CO_all,40119,NULL,243
Precision_CO_all,40119,NULL,244
Precision_CO_all,40119,NULL,558
Precision_CO_all,40119,NULL,724
Precision_CO_all,40119,NULL,807
Precision_CO_all,40119,NULL,850
Precision_CO_all,40119,NULL,971
Precision_CO_all,40119,NULL,172
Precision_CO_all,40119,NULL,245
Precision_CR_All,40929,NULL,1134
Precision_CR_All,40929,NULL,1135
Precision_CR_All,40929,NULL,NULL
Precision_CR_All,40929,NULL,NULL
Precision_CR_All,40929,NULL,NULL
Precision_CR_All,40929,NULL,NULL
Precision_CR_All,40929,NULL,NULL
Precision_CR_All,40929,NULL,NULL
Precision_CR_All,40929,NULL,NULL
Precision_CR_All,40929,NULL,NULL
Precision_CR_All,40929,NULL,NULL
Precision_CR_All,40929,NULL,1136
Precision_CR_All,40929,NULL,1137
Precision_CR_All,40929,NULL,1138
Precision_CR_All,40929,NULL,1139
Precision_CR_All,40929,NULL,1480
Precision_CR_All,40929,NULL,1738
Precision_CR_All,40929,NULL,1760
Precision_CR_All,40929,NULL,2018
Precision_CR_All,40929,NULL,2033
Precision_CR_All,40929,NULL,2054
Precision_CR_All,40929,NULL,2314
Precision_PE_all,40933,NULL,259
Precision_PE_all,40933,NULL,260
Precision_Pe_All,40933,NULL,NULL
Precision_PE_All,40933,NULL,3137
PrecisionOne_CO_P&G,40119,NULL,164
PrecisionOne_CO_P&G,40119,NULL,166
PrecisionOne_CO_P&G,40119,NULL,2170
PrecisionOne_CO_P&G,40119,NULL,2784
Prueba_eric,40932,NULL,NULL
prueba_paricia,40932,NULL,NULL
prueba_paricia,40932,NULL,NULL
prueba_paricia,40932,NULL,NULL
prueba_paricia,40932,NULL,NULL
prueba_paricia,40932,NULL,NULL
PublicidadAtlantis_ES_All,39974,NULL,NULL
PublicidadAtlantis_ES_All,39974,NULL,NULL
Publicis_AR_All,40931,NULL,3494
Publicis_AR_All,40931,NULL,3495
Publicis_AR_All,40931,NULL,3736
Publicis_AR_All,40931,NULL,3764
Publicis_AR_All,40931,NULL,3770
Publicis_AR_All,40931,NULL,3919
Publicis_AR_All,40931,NULL,3982
Publicis_AR_All,40931,NULL,4078
Publicis_AR_All,40931,NULL,4205
Publicis_AR_All,40931,NULL,4457
Publicis_AR_All,40931,NULL,4671
Publicis_AR_All,40931,NULL,4799
Publicis_AR_All,40931,NULL,4902
Publicis_AR_All,40931,NULL,5215
Publicis_AR_All,40931,NULL,6087
Publicis_AR_All,40931,NULL,6202
Publicis_AR_All,40931,NULL,6206
Publicis_AR_All,40931,NULL,4593
Publicis_AR_All,40931,NULL,4594
Publicis_AR_All,40931,NULL,4595
Publicis_AR_All,40931,NULL,4596
Publicis_AR_All,40931,NULL,4597
Publicis_AR_All,40931,NULL,4598
Publicis_AR_All,40931,NULL,4599
Publicis_AR_All,40931,NULL,4600
Publicis_AR_All,40931,NULL,4601
Publicis_AR_All,40931,NULL,5128
Publicis_AR_All,40931,NULL,5137
Publicis_AR_All,40931,NULL,5482
Publicis_AR_All,40931,NULL,5557
Publicis_AR_All,40931,NULL,6088
Publicis_AR_All,40931,NULL,6182
Publicis_AR_All,40931,NULL,6184
Publicis_AR_All,40931,NULL,6310
Publicis_AR_All,40931,NULL,6644
Publicis_AR_All,40931,NULL,6864
Publicis_AR_All,40931,NULL,6950
Publicis_BR_All,39723,NULL,1274
Publicis_BR_All,39723,NULL,NULL
Publicis_BR_All,39723,NULL,NULL
Publicis_CL_All,40930,NULL,3304
Publicis_CL_All,40930,NULL,3781
Publicis_CL_All,40930,NULL,4021
Publicis_CO_All,40119,NULL,8261
Publicis_CO_All,40119,NULL,8301
Publicis_CO_P&G,40119,NULL,52
Publicis_CO_P&G,40119,NULL,165
Publicis_CR_All,40929,NULL,1795
Publicis_CR_All,40929,NULL,1796
Publicis_CR_All,40929,NULL,1802
Publicis_CR_All,40929,NULL,2607
Publicis_CR_All,40929,NULL,2608
Publicis_CR_All,40929,NULL,2667
Publicis_CR_All,40929,NULL,2668
Publicis_CR_All,40929,NULL,2670
Publicis_CR_All,40929,NULL,2683
Publicis_CR_All,40929,NULL,2739
Publicis_CR_All,40929,NULL,2767
Publicis_CR_All,40929,NULL,2789
Publicis_CR_All,40929,NULL,2790
Publicis_CR_All,40929,NULL,2791
Publicis_CR_All,40929,NULL,2826
Publicis_CR_All,40929,NULL,2928
Publicis_CR_All,40929,NULL,3747
Publicis_CR_All,40929,NULL,3896
Publicis_CR_All,40929,NULL,3897
Publicis_CR_All,40929,NULL,4399
Publicis_CR_All,40929,NULL,4400
Publicis_CR_All,40929,NULL,4404
Publicis_CR_All,40929,NULL,5124
Publicis_CR_All,40929,NULL,5125
Publicis_CR_All,40929,NULL,5126
Publicis_CR_All,40929,NULL,5138
Publicis_CR_All,40929,NULL,5139
Publicis_CR_All,40929,NULL,5140
Publicis_CR_All,40929,NULL,5541
Publicis_CR_All,40929,NULL,5542
Publicis_CR_All,40929,NULL,5543
Publicis_CR_All,40929,NULL,5545
Publicis_CR_All,40929,NULL,5613
Publicis_CR_All,40929,NULL,5835
Publicis_CR_All,40929,NULL,5836
Publicis_CR_All,40929,NULL,5942
Publicis_CR_All,40929,NULL,6565
Publicis_CR_All,40929,NULL,6566
Publicis_CR_All,40929,NULL,6639
Publicis_CR_All,40929,NULL,7085
Publicis_CR_All,40929,NULL,7086
Publicis_CR_All,40929,NULL,7087
Publicis_CR_All,40929,NULL,7088
Publicis_CR_All,40929,NULL,7089
Publicis_CR_All,40929,NULL,7090
Publicis_CR_All,40929,NULL,7824
Publicis_CR_All,40929,NULL,8367
Publicis_GT_All,39918,NULL,5974
Publicis_GT_All,39918,NULL,5978
Publicis_GT_All,39918,NULL,5979
Publicis_GT_All,39918,NULL,5980
Publicis_GT_All,39918,NULL,5981
Publicis_GT_All,39918,NULL,6136
Publicis_GT_All,39918,NULL,6138
Publicis_GT_All,39918,NULL,6139
Publicis_GT_All,39918,NULL,6140
Publicis_GT_All,39918,NULL,6141
Publicis_GT_All,39918,NULL,6333
Publicis_GT_All,39918,NULL,6678
Publicis_GT_All,39918,NULL,6679
Publicis_GT_All,39918,NULL,6717
Publicis_GT_All,39918,NULL,6718
Publicis_GT_All,39918,NULL,5968
Publicis_P&G_CO,40119,NULL,NULL
Publicis_PA,40928,NULL,43
Publicis_PA,40928,NULL,44
Publicis_PA,40928,NULL,45
Publicis_PA,40928,NULL,46
Publicis_PA,40928,NULL,47
Publicis_PA,40928,NULL,119
Publicis_PA,40928,NULL,120
Publicis_PA,40928,NULL,121
Publicis_PA,40928,NULL,131
Publicis_PA,40928,NULL,133
Publicis_PA,40928,NULL,167
Publicis_PA,40928,NULL,208
Publicis_PA,40928,NULL,237
Publicis_PA,40928,NULL,279
Publicis_PA,40928,NULL,280
Publicis_PA,40928,NULL,322
Publicis_PA,40928,NULL,329
Publicis_PA,40928,NULL,345
Publicis_PA,40928,NULL,362
Publicis_PA,40928,NULL,376
Publicis_PA,40928,NULL,403
Publicis_PA,40928,NULL,433
Publicis_PA,40928,NULL,461
Publicis_PA,40928,NULL,462
Publicis_PA,40928,NULL,463
Publicis_PA,40928,NULL,467
Publicis_PA,40928,NULL,469
Publicis_PA,40928,NULL,470
Publicis_PA,40928,NULL,471
Publicis_PA,40928,NULL,472
Publicis_PA,40928,NULL,499
Publicis_PA,40928,NULL,602
Publicis_PA,40928,NULL,933
Publicis_PA,40928,NULL,934
Publicis_PA,40928,NULL,935
Publicis_PA,40928,NULL,936
Publicis_PA,40928,NULL,942
Publicis_PA,40928,NULL,943
Publicis_PA,40928,NULL,5326
Publicis_PA,40928,NULL,5337
Publicis_PA,40928,NULL,5435
Publicis_PA_All,40928,NULL,5725
Raccoon_BR_All,40927,NULL,8438
Raccoon_BR_All,40927,NULL,8468
RAM_EC_All,40281,NULL,4168
Raquel_Centro,40926,NULL,3184
Raquel_Centro,40926,NULL,3194
Raquel_Centro,40926,NULL,3195
Raquel_Centro,40926,NULL,3196
Raquel_Centro,40926,NULL,3197
Reamp_BR_All,40925,NULL,3646
Reamp_BR_All,40925,NULL,3647
Reamp_BR_All,40925,NULL,3778
Reamp_BR_All,40925,NULL,4131
Reamp_BR_All,40925,NULL,4325
Reamp_BR_All,40925,NULL,1281
Reamp_BR_All,40925,NULL,1278
Reamp_BR_All,40925,NULL,1279
Reamp_BR_All,40925,NULL,1280
Reamp_BR_All,40925,NULL,1961
Reamp_BR_All,40925,NULL,1962
Reamp_BR_All,40925,NULL,1963
Rebold Colombia Angelica,40386,NULL,647
Rebold Colombia Angelica,40386,NULL,648
Rebold Colombia Angelica,40386,NULL,649
Rebold_ES_All,40924,NULL,5318
Rebold_ES_All,40924,NULL,5319
Rebold_ES_All,40924,NULL,5320
Rebold_ES_All,40924,NULL,5321
RedFuse_BR_All,40923,NULL,1828
RedFuse_BR_All,40923,NULL,1829
RedFuse_BR_All,40923,NULL,1937
RedFuse_BR_All,40923,NULL,2109
REM_CO_All,40922,NULL,3838
REM_CO_All,40922,NULL,3867
REM_CO_All,40922,NULL,4501
REM_CO_All,40922,NULL,6808
REM_CO_All,40922,NULL,7391
REM_CO_All,40922,NULL,7392
REM_CO_All,40922,NULL,7394
REM_CO_All,40922,NULL,7395
REM_CO_All,40922,NULL,7396
REM_CO_All,40922,NULL,7397
RTB House,40921,NULL,NULL
SA365_BR_All,40204,NULL,NULL
SA365_BR_All,40204,NULL,3762
SA365_BR_All,40204,NULL,3818
Sapient_BR_All,40920,NULL,4424
Sapient_BR_All,40920,NULL,4710
Sapient_BR_All,40920,NULL,5433
Sapient_BR_All,40920,NULL,5668
Sapient_BR_All,40920,NULL,5972
Sapient_BR_All,40920,NULL,6018
Sapient_BR_All,40920,NULL,6069
Sapient_BR_All,40920,NULL,3088
Sapient_BR_All,40920,NULL,3226
Sapient_BR_All,40920,NULL,3229
Sapient_BR_All,40920,NULL,3241
Sapient_BR_All,40920,NULL,3420
Sapient_BR_All,40920,NULL,3571
Sapient_BR_All,40920,NULL,3628
Sapient_BR_All,40920,NULL,3738
Sapient_BR_All,40920,NULL,3743
Sapient_BR_All,40920,NULL,3815
Sapient_BR_All,40920,NULL,3879
Sapient_BR_All,40920,NULL,3904
Sapient_BR_All,40920,NULL,3905
Sapient_BR_All,40920,NULL,4023
Sapient_BR_All,40920,NULL,4408
Sapient_BR_All,40920,NULL,6783
SCJ_GeoIP:BR_(Almapp&PHD),39929,NULL,793
SCJ_GeoIP:BR_(Almapp&PHD),39929,NULL,1179
SCJ_GeoIP:BR_(Almapp&PHD),39929,NULL,1537
SCJ_GeoIP:BR_(Almapp&PHD),39929,NULL,2374
SCJ_GeoIP:BR_(Almapp&PHD),39929,NULL,2652
SCJ_GeoIP:BR_(Almapp&PHD),39929,NULL,2653
SCJ_GeoIP:BR_(Almapp&PHD),39929,NULL,1693
SCJ_GeoIP:BR_(Almapp&PHD),39929,NULL,2047
SCJ_GeoIP:BR_(Almapp&PHD),39929,NULL,2048
SCJ_GeoIP:BR_(Almapp&PHD),39929,NULL,2049
SCJ_GeoIP:BR_(Almapp&PHD),39929,NULL,2050
SCJ_GeoIP:BR_(Almapp&PHD),39929,NULL,2345
SCJ_GeoIP:BR_(Almapp&PHD),39929,NULL,2346
SCJ_GeoIP:BR_(Almapp&PHD),39929,NULL,2431
SCJ_GeoIP:BR_(Almapp&PHD),39929,NULL,2914
SCJ_GeoIP:BR_(Almapp&PHD),39929,NULL,3553
SCJ_GeoIP:BR_(Almapp&PHD),39929,NULL,3675
SCJ_GeoIP:BR_(Almapp&PHD),39929,NULL,4752
SCJ_GeoIP:BR_(Almapp&PHD),39929,NULL,5152
SCJ_GeoIP:BR_(Almapp&PHD),39929,NULL,5153
SCJ_GeoIP:BR_(Almapp&PHD),39929,NULL,NULL
SCJ_GeoIP:BR_(Almapp&PHD),39929,NULL,5332
SCJ_GeoIP:BR_(Almapp&PHD),39929,NULL,5333
SCJ_GeoIP:BR_(Almapp&PHD),39929,NULL,5413
SCJ_GeoIP:BR_(Almapp&PHD),39929,NULL,5414
SCJ_GeoIP:BR_(Almapp&PHD),39929,NULL,5450
SCJ_GeoIP:BR_(Almapp&PHD),39929,NULL,5451
SCJ_GeoIP:BR_(Almapp&PHD),39929,NULL,5452
SCJ_GeoIP:BR_(Almapp&PHD),39929,NULL,5600
SCJ_GeoIP:BR_(Almapp&PHD),39929,NULL,5604
SCJ_GeoIP:BR_(Almapp&PHD),39929,NULL,5605
SCJ_GeoIP:Latam_(Almapp&PHD),39929,NULL,NULL
Scotiabank Directo MX,40919,NULL,346
Sony_BR_All,40918,NULL,3673
Sony_BR_All,40918,NULL,3901
SparklindRide_MX_All,40453,NULL,5626
SparklindRide_MX_All,40453,NULL,5630
SparklindRide_MX_All,40453,NULL,5631
SparklindRide_MX_All,40453,NULL,5632
SparklindRide_MX_All,40453,NULL,11358
SparklindRide_MX_All,40453,NULL,11359
SparklindRide_MX_All,40453,NULL,11361
SparklindRide_MX_All,40453,NULL,11362
SpientNitro_BR_All,40917,NULL,5231
SpientNitro_BR_All,40917,NULL,7503
Starcom_AR_All,39914,NULL,3855
Starcom_AR_All,39914,NULL,7378
Starcom_AR_All,39914,NULL,7379
Starcom_AR_All,39914,NULL,7648
Starcom_AR_All,39914,NULL,7761
Starcom_AR_All,39914,NULL,7796
Starcom_ES_All,40916,NULL,7246
Starcom_ES_All,40916,NULL,7515
Starcom_ES_All,40916,NULL,7516
Starcom_ES_Programmatic,40916,NULL,5390
Starcom_ES_Programmatic,40916,NULL,5391
Starcom_ES_Programmatic,40916,NULL,5403
Starcom_ES_Programmatic,40916,NULL,5404
Starcom_ES_Programmatic,40916,NULL,5405
Starcom_ES_Programmatic,40916,NULL,5406
Starcom_ES_Programmatic,40916,NULL,5462
Starcom_ES_Programmatic,40916,NULL,5463
Starcom_ES_Programmatic,40916,NULL,5547
Starcom_ES_Programmatic,40916,NULL,5548
Starcom_ES_Programmatic,40916,NULL,5549
Starcom_ES_Programmatic,40916,NULL,5581
Starcom_ES_Programmatic,40916,NULL,5595
Starcom_ES_Programmatic,40916,NULL,5596
Starcom_GT_All,39846,NULL,2001
Starcom_GT_All,39846,NULL,2059
Starcom_GT_All,39846,NULL,2091
Starcom_MX_all,39565,NULL,233
Starcom_MX_all,39565,NULL,315
Starcom_MX_all,39565,NULL,330
Starcom_MX_VISA,39565,NULL,228
Starcom_MX_VISA,39565,NULL,229
Starcom_MX_VISA,39565,NULL,333
Starcom_MX_VISA,39565,NULL,501
Starcom_MX_VISA,39565,NULL,502
Starcom_MX_VISA,39565,NULL,503
Starcom_MX_VISA,39565,NULL,565
Starcom_MX_VISA,39565,NULL,566
Starcom_US_All,40915,NULL,6065
Starcom_US_All,40915,NULL,6066
Starcom_US_All,40915,NULL,6067
Suburbia_MX_All,40914,NULL,1517
T2O_ES_All,40035,NULL,NULL
Targetopia_ES_All,40832,NULL,2522
Targetopia_ES_All,40832,NULL,2523
Targetopia_ES_All,40832,NULL,2524
Targetopia_ES_All,40832,NULL,2525
Targetopia_ES_All,40832,NULL,2526
Targetopia_ES_All,40832,NULL,2527
Targetopia_ES_All,40832,NULL,2528
Targetopia_ES_All,40832,NULL,2529
Targetopia_ES_All,40832,NULL,2530
Targetopia_ES_All,40832,NULL,2531
Targetopia_ES_All,40832,NULL,2532
Targetopia_ES_All,40832,NULL,2806
Targetopia_ES_All,40832,NULL,2807
Targetopia_ES_All,40832,NULL,2808
Targetopia_ES_All,40832,NULL,3013
Targetopia_ES_All,40832,NULL,3014
Targetopia_ES_All,40832,NULL,3015
Targetopia_ES_All,40832,NULL,3016
Targetopia_ES_All,40832,NULL,3017
Targetopia_ES_All,40832,NULL,3018
Targetopia_ES_All,40832,NULL,3019
Targetopia_ES_All,40832,NULL,3020
Targetopia_ES_All,40832,NULL,3021
Targetopia_ES_All,40832,NULL,3022
Targetopia_ES_All,40832,NULL,3023
Targetopia_ES_All,40832,NULL,3024
Targetopia_ES_All,40832,NULL,5715
Targetopia_ES_All,40832,NULL,5716
Targetopia_ES_All,40832,NULL,6133
Targetopia_ES_All,40832,NULL,6134
Targetopia_ES_All,40832,NULL,6268
Targetopia_ES_All,40832,NULL,6982
Targetopia_ES_All,40832,NULL,7113
Targetopia_ES_All,40832,NULL,7114
Targetopia_ES_All,40832,NULL,7115
Targetopia_ES_All,40832,NULL,7116
Targetopia_ES_All,40832,NULL,7117
Targetopia_ES_All,40832,NULL,7476
Targetopia_ES_All,40832,NULL,7477
Targetopia_ES_All,40832,NULL,7942
Targetopia_ES_All,40832,NULL,7943
Teran_Mx_All,40833,NULL,6984
Teran_Mx_All,40833,NULL,6985
Teran_Mx_All,40833,NULL,6986
Teran_Mx_All,40833,NULL,6987
Teran_Mx_All,40833,NULL,6988
Teran_Mx_All,40833,NULL,6989
Teran_Mx_All,40833,NULL,6990
Teran_Mx_All,40833,NULL,6991
Teran_Mx_All,40833,NULL,7178
Teran_Mx_All,40833,NULL,7530
TheAuberginePanda_BR_All,40834,NULL,2107
TheAuberginePanda_BR_All,40834,NULL,2120
TheHomeDepot,40835,NULL,NULL
ThisplayMedia_NL_All,40836,NULL,8478
Thrive_BR_All,40837,NULL,2596
Thrive_CO_Nestle,40838,NULL,307
Thrive_CO_Nestle,40838,NULL,1143
Thrive_EC_Nestle,40839,NULL,2508
Thrive_EC_Nestle,40839,NULL,2509
Thrive_EC_Nestle,40839,NULL,2941
Thrive_EC_Nestle,40839,NULL,2942
Thrive_EC_Nestle,40839,NULL,3242
Thrive_EC_Nestle,40839,NULL,3243
Thrive_EC_Nestle,40839,NULL,3262
Thrive_EC_Nestle,40839,NULL,3263
Thrive_EC_Nestle,40839,NULL,3275
Thrive_EC_Nestle,40839,NULL,3276
Thrive_EC_Nestle,40839,NULL,3280
Thrive_EC_Nestle,40839,NULL,3281
Thrive_PA_Nestle,40839,NULL,787
Thrive_PA_Nestle,40839,NULL,2702
TrafficBuilders_NL_All,40410,NULL,NULL
TurismoDeAustria_ES_All,40342,NULL,NULL
UM_AR_All,40844,NULL,5813
UM_AR_All,40844,NULL,5930
UM_AR_All,40844,NULL,6061
UMWW_TR_All,40524,NULL,5245
UMWW_TR_All,40524,NULL,5346
UMWW_TR_All,40524,NULL,7611
UMWW_TR_All,40524,NULL,7612
UMWW_TR_All,40524,NULL,7613
UMWW_TR_All,40524,NULL,7658
UMWW_TR_All,40524,NULL,7659
UMWW_TR_All,40524,NULL,7660
UTAG_AR_Latam,40845,NULL,262
UTAG_AR_Latam,40845,NULL,263
Verizon_BR_All,40842,NULL,2327
Verizon_BR_All,40842,NULL,3968
Verizon_BR_All,40842,NULL,4807
Verizon_BR_All,40842,NULL,4811
Verizon_BR_All,40842,NULL,5069
Verizon_BR_All,40842,NULL,6972
Verizon_BR_All,40842,NULL,6973
Verizon_BR_All,40842,NULL,3803
Verizon_BR_All,40842,NULL,3915
Verizon_BR_All,40842,NULL,3916
Verizon_BR_All,40842,NULL,3917
Verizon_BR_All,40842,NULL,3918
Verizon_BR_All,40842,NULL,3953
Verizon_BR_All,40842,NULL,3954
Verizon_BR_All,40842,NULL,3955
Verizon_BR_All,40842,NULL,3998
Verizon_BR_All,40842,NULL,4073
Verizon_BR_All,40842,NULL,4118
Verizon_BR_All,40842,NULL,4267
Verizon_BR_All,40842,NULL,4268
Verizon_BR_All,40842,NULL,4269
Verizon_BR_All,40842,NULL,4270
Verizon_BR_All,40842,NULL,4271
Verizon_BR_All,40842,NULL,4272
Verizon_BR_All,40842,NULL,5214
Verizon_BR_All,40842,NULL,5724
Verizon_BR_All,40842,NULL,5820
Vivaaerobus_MX_All,40841,NULL,5264
Vivaaerobus_Mx_All,40841,NULL,7084
Vivaaerobus_Mx_All,40841,NULL,8202
Vizeum_CO_all,39228,NULL,NULL
VMLY&R_BR_All,40180,NULL,NULL
VMLY&R_BR_All,40180,NULL,4491
VMLY&R_BR_All,40180,NULL,4492
VMLY&R_BR_All,40180,NULL,4493
VMLY&R_BR_All,40180,NULL,4494
VMLY&R_BR_All,40180,NULL,4496
VMLY&R_BR_All,40180,NULL,4497
VMLY&R_BR_All,40180,NULL,5113
VMLY&R_BR_All,40180,NULL,5114
VMLY&R_BR_All,40180,NULL,5115
VMLY&R_BR_All,40180,NULL,5116
Vodafone_TR_All,40557,NULL,NULL
Vodafone_TR_All,40557,NULL,NULL
Vodafone_TR_All,40557,NULL,NULL
Vodafone_TR_All,40557,NULL,NULL
Vodafone_TR_All,40557,NULL,NULL
Wavemaker_TR_All,40840,NULL,4264
Wavemaker_TR_All,40840,NULL,7616
Wink_ES_All,40058,NULL,NULL
Wink_ES_All,40058,NULL,6628
Wink_ES_All,40058,NULL,6629
Wink_ES_All,40058,NULL,NULL
Wmccann_BR_All,40816,NULL,1730
Wmccann_BR_All,40816,NULL,2888
Wmccann_BR_All,40816,NULL,4702
Wmccann_BR_All,40816,NULL,6784
WMcCANN_BR_All,40816,NULL,4476
Wmccann_BR_All,40816,NULL,6761
Wmccann_BR_All,40816,NULL,6762
WMcCANN_BR_All,40816,NULL,7068
WundermannThompson_BR_All,40815,NULL,4434
WundermannThompson_BR_All,40815,NULL,6705
WundermannThompson_BR_All,40815,NULL,6779
WundermannThompson_BR_All,40815,NULL,6721
WundermannThompson_BR_All,40815,NULL,2489
WundermannThompson_BR_All,40815,NULL,3035
WundermannThompson_BR_All,40815,NULL,3141
WundermannThompson_BR_All,40815,NULL,3192
WundermannThompson_BR_All,40815,NULL,3220
WundermannThompson_BR_All,40815,NULL,3821
WundermanThompson_BR_All,40815,NULL,5769
WundermanThompson_BR_All,40815,NULL,6683
Xaxis_AR_All,40814,NULL,5910
Xaxis_AR_All,40814,NULL,6453
Xaxis_AR_All,40814,NULL,6594
Xaxis_AR_All,40814,NULL,6597
Xaxis_AR_All,40814,NULL,7425
Xaxis_AR_All,40814,NULL,7506
Xaxis_AR_All,40814,NULL,7619
Xaxis_AR_All,40814,NULL,8457
Xaxis_AR_All,40814,NULL,2488
Xaxis_CL_All,40813,NULL,8031
Xaxis_CO_all,40812,NULL,71
Xaxis_CO_all,40812,NULL,238
Xaxis_CO_all,40812,NULL,261
Xaxis_CO_all,40812,NULL,351
Xaxis_CO_all,40812,NULL,352
Xaxis_CO_all,40812,NULL,353
Xaxis_CO_all,40812,NULL,354
Xaxis_CO_all,40812,NULL,392
Xaxis_CO_all,40812,NULL,421
Xaxis_CO_all,40812,NULL,551
Xaxis_CO_all,40812,NULL,552
Xaxis_CO_all,40812,NULL,1794
Xaxis_CO_all,40812,NULL,1814
Xaxis_CO_all,40812,NULL,1815
Xaxis_CO_all,40812,NULL,1816
Xaxis_CO_all,40812,NULL,2062
Xaxis_CO_all,40812,NULL,2141
Xaxis_CO_all,40812,NULL,2153
Xaxis_CO_all,40812,NULL,2166
Xaxis_CO_All,40812,NULL,NULL
Xaxis_ES_All,40811,NULL,283
Xaxis_ES_All,40811,NULL,284
Xaxis_ES_All,40811,NULL,1115
Xaxis_ES_All,40811,NULL,1127
Xaxis_ES_All,40811,NULL,1410
Xaxis_ES_All,40811,NULL,1438
Xaxis_ES_All,40811,NULL,1491
Xaxis_ES_All,40811,NULL,1753
Xaxis_ES_All,40811,NULL,1775
Xaxis_ES_All,40811,NULL,2137
Xaxis_ES_All,40811,NULL,2138
Xaxis_ES_All,40811,NULL,2410
Xaxis_ES_All,40811,NULL,2197
Xaxis_ES_All,40811,NULL,2330
Xaxis_ES_All,40811,NULL,2464
Xaxis_ES_All,40811,NULL,2465
Xaxis_ES_All,40811,NULL,3027
Xaxis_ES_All,40811,NULL,3028
Xaxis_ES_All,40811,NULL,3966
Xaxis_TR_All,40810,NULL,6022
Xaxis_TR_All,40810,NULL,4821
Xaxis_TR_All,40810,NULL,4822
Xaxis_TR_All,40810,NULL,4824
Xaxis_TR_All,40810,NULL,7758
Xaxis_US/MIA_all,40809,NULL,209
Xaxis_US/MIA_all,40809,NULL,511
Xaxis_US/MIA_all,40809,NULL,1066
Xaxis_US/MIA_all,40809,NULL,1069
Xaxis_US/MIA_all,40809,NULL,7562
Xaxis_US/MIA_all,40809,NULL,7563
Xaxis_US/MIA_all,40809,NULL,7564
Xaxis_US/MIA_all,40809,NULL,7565
Xaxis_US/MIA_all,40809,NULL,7566
Xaxis_US/MIA_all,40809,NULL,7568
Xaxis_US/MIA_all,40809,NULL,7569
Xaxis_US/MIA_all,40809,NULL,7570
Xaxis_US/MIA_all,40809,NULL,7571
Xaxis_US/MIA_all,40809,NULL,7572
Xaxis_US/MIA_all,40809,NULL,7573
XT Media,40808,NULL,NULL
XT Media,40808,NULL,NULL
XT Media,40808,NULL,NULL
XT Media,40808,NULL,NULL
XT Media,40808,NULL,NULL
XT Media,40808,NULL,NULL
XT Media,40808,NULL,NULL
XTMEDIA,40807,NULL,NULL
XTMEDIA,40807,NULL,NULL
XTMedia_BR_All,40806,NULL,1193
XTMedia_BR_All,40806,NULL,NULL
XTMedia_BR_All,40806,NULL,NULL
Yahoo_BR_All,40805,NULL,5884
Yahoo_BR_All,40805,NULL,6158
Yonego_NL_all,40567,NULL,NULL
Zahg_BR_All,40804,NULL,2979
Zahg_BR_All,40804,NULL,3169
Zenith_AR_All,40803,NULL,6146
Zenith_ES_All,40802,NULL,8147
Zenith_ES_All,40802,NULL,8148
Zenith_ES_All,40802,NULL,8149
ZetaGlobal_MX_All,40801,NULL,291
ZetaGlobal_MX_All,40801,NULL,497
ZetaGlobal_MX_All,40801,NULL,610
ZetaGlobal_MX_All,40801,NULL,349
ZetaGlobal_MX_All,40801,NULL,350